land_cover,year,month,pct_area,experiment,dry_category
1,2016,1,93.333336,OPL,D0
1,2016,2,100.0,OPL,D0
1,2016,3,50.0,OPL,D0
1,2016,4,86.36364,OPL,D0
1,2016,5,59.090908,OPL,D0
1,2016,6,72.72727,OPL,D0
1,2016,7,77.27273,OPL,D0
1,2016,8,81.818184,OPL,D0
1,2016,9,95.454544,OPL,D0
1,2016,10,59.090908,OPL,D0
1,2016,11,18.181818,OPL,D0
1,2016,12,0.0,OPL,D0
1,2017,1,0.0,OPL,D0
1,2017,2,0.0,OPL,D0
1,2017,3,0.0,OPL,D0
1,2017,4,63.636364,OPL,D0
1,2017,5,40.909092,OPL,D0
1,2017,6,50.0,OPL,D0
1,2017,7,54.545456,OPL,D0
1,2017,8,40.909092,OPL,D0
1,2017,9,27.272728,OPL,D0
1,2017,10,18.181818,OPL,D0
1,2017,11,95.454544,OPL,D0
1,2017,12,72.72727,OPL,D0
1,2018,1,54.545456,OPL,D0
1,2018,2,0.0,OPL,D0
1,2018,3,0.0,OPL,D0
1,2018,4,0.0,OPL,D0
1,2018,5,0.0,OPL,D0
1,2018,6,0.0,OPL,D0
1,2018,7,0.0,OPL,D0
1,2018,8,0.0,OPL,D0
1,2018,9,0.0,OPL,D0
1,2018,10,0.0,OPL,D0
1,2018,11,0.0,OPL,D0
1,2018,12,0.0,OPL,D0
1,2019,1,0.0,OPL,D0
1,2019,2,9.090909,OPL,D0
1,2019,3,50.0,OPL,D0
1,2019,4,13.636364,OPL,D0
1,2019,5,59.090908,OPL,D0
1,2019,6,36.363636,OPL,D0
1,2019,7,27.272728,OPL,D0
1,2019,8,27.272728,OPL,D0
1,2019,9,27.272728,OPL,D0
1,2019,10,59.090908,OPL,D0
1,2019,11,27.272728,OPL,D0
1,2019,12,31.818182,OPL,D0
1,2020,1,50.0,OPL,D0
1,2020,2,100.0,OPL,D0
1,2020,3,100.0,OPL,D0
1,2020,4,36.363636,OPL,D0
1,2020,5,40.909092,OPL,D0
1,2020,6,40.909092,OPL,D0
1,2020,7,40.909092,OPL,D0
1,2020,8,50.0,OPL,D0
1,2020,9,50.0,OPL,D0
1,2020,10,63.636364,OPL,D0
1,2020,11,59.090908,OPL,D0
1,2020,12,95.454544,OPL,D0
2,2016,1,100.0,OPL,D0
2,2016,2,100.0,OPL,D0
2,2016,3,0.0,OPL,D0
2,2016,4,100.0,OPL,D0
2,2016,5,100.0,OPL,D0
2,2016,6,100.0,OPL,D0
2,2016,7,100.0,OPL,D0
2,2016,8,100.0,OPL,D0
2,2016,9,100.0,OPL,D0
2,2016,10,0.0,OPL,D0
2,2016,11,0.0,OPL,D0
2,2016,12,0.0,OPL,D0
2,2017,1,0.0,OPL,D0
2,2017,2,0.0,OPL,D0
2,2017,3,0.0,OPL,D0
2,2017,4,12.5,OPL,D0
2,2017,5,0.0,OPL,D0
2,2017,6,0.0,OPL,D0
2,2017,7,0.0,OPL,D0
2,2017,8,0.0,OPL,D0
2,2017,9,0.0,OPL,D0
2,2017,10,75.0,OPL,D0
2,2017,11,100.0,OPL,D0
2,2017,12,100.0,OPL,D0
2,2018,1,0.0,OPL,D0
2,2018,2,0.0,OPL,D0
2,2018,3,0.0,OPL,D0
2,2018,4,0.0,OPL,D0
2,2018,5,0.0,OPL,D0
2,2018,6,0.0,OPL,D0
2,2018,7,0.0,OPL,D0
2,2018,8,0.0,OPL,D0
2,2018,9,0.0,OPL,D0
2,2018,10,0.0,OPL,D0
2,2018,11,0.0,OPL,D0
2,2018,12,0.0,OPL,D0
2,2019,1,0.0,OPL,D0
2,2019,2,0.0,OPL,D0
2,2019,3,100.0,OPL,D0
2,2019,4,87.5,OPL,D0
2,2019,5,100.0,OPL,D0
2,2019,6,100.0,OPL,D0
2,2019,7,100.0,OPL,D0
2,2019,8,100.0,OPL,D0
2,2019,9,100.0,OPL,D0
2,2019,10,100.0,OPL,D0
2,2019,11,0.0,OPL,D0
2,2019,12,0.0,OPL,D0
2,2020,1,100.0,OPL,D0
2,2020,2,100.0,OPL,D0
2,2020,3,100.0,OPL,D0
2,2020,4,0.0,OPL,D0
2,2020,5,0.0,OPL,D0
2,2020,6,0.0,OPL,D0
2,2020,7,0.0,OPL,D0
2,2020,8,0.0,OPL,D0
2,2020,9,0.0,OPL,D0
2,2020,10,25.0,OPL,D0
2,2020,11,100.0,OPL,D0
2,2020,12,100.0,OPL,D0
3,2016,1,100.0,OPL,D0
3,2016,2,100.0,OPL,D0
3,2016,3,100.0,OPL,D0
3,2016,4,100.0,OPL,D0
3,2016,5,0.0,OPL,D0
3,2016,6,100.0,OPL,D0
3,2016,7,100.0,OPL,D0
3,2016,8,100.0,OPL,D0
3,2016,9,100.0,OPL,D0
3,2016,10,0.0,OPL,D0
3,2016,11,100.0,OPL,D0
3,2016,12,0.0,OPL,D0
3,2017,1,0.0,OPL,D0
3,2017,2,0.0,OPL,D0
3,2017,3,0.0,OPL,D0
3,2017,4,0.0,OPL,D0
3,2017,5,100.0,OPL,D0
3,2017,6,0.0,OPL,D0
3,2017,7,0.0,OPL,D0
3,2017,8,0.0,OPL,D0
3,2017,9,0.0,OPL,D0
3,2017,10,100.0,OPL,D0
3,2017,11,100.0,OPL,D0
3,2017,12,100.0,OPL,D0
3,2018,1,0.0,OPL,D0
3,2018,2,0.0,OPL,D0
3,2018,3,0.0,OPL,D0
3,2018,4,0.0,OPL,D0
3,2018,5,0.0,OPL,D0
3,2018,6,0.0,OPL,D0
3,2018,7,0.0,OPL,D0
3,2018,8,0.0,OPL,D0
3,2018,9,0.0,OPL,D0
3,2018,10,0.0,OPL,D0
3,2018,11,0.0,OPL,D0
3,2018,12,0.0,OPL,D0
3,2019,1,0.0,OPL,D0
3,2019,2,0.0,OPL,D0
3,2019,3,0.0,OPL,D0
3,2019,4,0.0,OPL,D0
3,2019,5,0.0,OPL,D0
3,2019,6,0.0,OPL,D0
3,2019,7,0.0,OPL,D0
3,2019,8,0.0,OPL,D0
3,2019,9,0.0,OPL,D0
3,2019,10,0.0,OPL,D0
3,2019,11,0.0,OPL,D0
3,2019,12,0.0,OPL,D0
3,2020,1,100.0,OPL,D0
3,2020,2,100.0,OPL,D0
3,2020,3,100.0,OPL,D0
3,2020,4,100.0,OPL,D0
3,2020,5,100.0,OPL,D0
3,2020,6,100.0,OPL,D0
3,2020,7,100.0,OPL,D0
3,2020,8,100.0,OPL,D0
3,2020,9,100.0,OPL,D0
3,2020,10,100.0,OPL,D0
3,2020,11,0.0,OPL,D0
3,2020,12,100.0,OPL,D0
5,2016,1,100.0,OPL,D0
5,2016,2,100.0,OPL,D0
5,2016,3,24.324326,OPL,D0
5,2016,4,89.189186,OPL,D0
5,2016,5,70.27027,OPL,D0
5,2016,6,72.97297,OPL,D0
5,2016,7,83.78378,OPL,D0
5,2016,8,72.97297,OPL,D0
5,2016,9,86.48649,OPL,D0
5,2016,10,18.918919,OPL,D0
5,2016,11,2.7027028,OPL,D0
5,2016,12,0.0,OPL,D0
5,2017,1,0.0,OPL,D0
5,2017,2,0.0,OPL,D0
5,2017,3,0.0,OPL,D0
5,2017,4,91.89189,OPL,D0
5,2017,5,37.837837,OPL,D0
5,2017,6,51.35135,OPL,D0
5,2017,7,62.162163,OPL,D0
5,2017,8,32.43243,OPL,D0
5,2017,9,29.72973,OPL,D0
5,2017,10,56.75676,OPL,D0
5,2017,11,100.0,OPL,D0
5,2017,12,97.2973,OPL,D0
5,2018,1,35.135136,OPL,D0
5,2018,2,0.0,OPL,D0
5,2018,3,0.0,OPL,D0
5,2018,4,0.0,OPL,D0
5,2018,5,0.0,OPL,D0
5,2018,6,0.0,OPL,D0
5,2018,7,0.0,OPL,D0
5,2018,8,0.0,OPL,D0
5,2018,9,0.0,OPL,D0
5,2018,10,0.0,OPL,D0
5,2018,11,0.0,OPL,D0
5,2018,12,0.0,OPL,D0
5,2019,1,0.0,OPL,D0
5,2019,2,2.7027028,OPL,D0
5,2019,3,75.675674,OPL,D0
5,2019,4,8.108108,OPL,D0
5,2019,5,78.37838,OPL,D0
5,2019,6,72.97297,OPL,D0
5,2019,7,48.64865,OPL,D0
5,2019,8,91.89189,OPL,D0
5,2019,9,78.37838,OPL,D0
5,2019,10,94.59459,OPL,D0
5,2019,11,16.216215,OPL,D0
5,2019,12,16.216215,OPL,D0
5,2020,1,64.86486,OPL,D0
5,2020,2,97.2973,OPL,D0
5,2020,3,100.0,OPL,D0
5,2020,4,10.810811,OPL,D0
5,2020,5,13.513513,OPL,D0
5,2020,6,2.7027028,OPL,D0
5,2020,7,5.4054055,OPL,D0
5,2020,8,2.7027028,OPL,D0
5,2020,9,5.4054055,OPL,D0
5,2020,10,29.72973,OPL,D0
5,2020,11,81.08108,OPL,D0
5,2020,12,86.48649,OPL,D0
6,2016,1,100.0,OPL,D0
6,2016,2,100.0,OPL,D0
6,2016,3,75.92593,OPL,D0
6,2016,4,92.59259,OPL,D0
6,2016,5,38.88889,OPL,D0
6,2016,6,20.37037,OPL,D0
6,2016,7,1.8518518,OPL,D0
6,2016,8,7.4074073,OPL,D0
6,2016,9,14.814815,OPL,D0
6,2016,10,1.8518518,OPL,D0
6,2016,11,1.8518518,OPL,D0
6,2016,12,1.8518518,OPL,D0
6,2017,1,0.0,OPL,D0
6,2017,2,0.0,OPL,D0
6,2017,3,0.0,OPL,D0
6,2017,4,16.666668,OPL,D0
6,2017,5,42.592594,OPL,D0
6,2017,6,70.37037,OPL,D0
6,2017,7,88.88889,OPL,D0
6,2017,8,92.59259,OPL,D0
6,2017,9,81.48148,OPL,D0
6,2017,10,85.18519,OPL,D0
6,2017,11,98.14815,OPL,D0
6,2017,12,98.14815,OPL,D0
6,2018,1,18.518518,OPL,D0
6,2018,2,14.814815,OPL,D0
6,2018,3,0.0,OPL,D0
6,2018,4,0.0,OPL,D0
6,2018,5,0.0,OPL,D0
6,2018,6,0.0,OPL,D0
6,2018,7,0.0,OPL,D0
6,2018,8,11.111112,OPL,D0
6,2018,9,14.814815,OPL,D0
6,2018,10,0.0,OPL,D0
6,2018,11,0.0,OPL,D0
6,2018,12,0.0,OPL,D0
6,2019,1,0.0,OPL,D0
6,2019,2,25.925926,OPL,D0
6,2019,3,25.925926,OPL,D0
6,2019,4,29.62963,OPL,D0
6,2019,5,77.77778,OPL,D0
6,2019,6,87.03704,OPL,D0
6,2019,7,100.0,OPL,D0
6,2019,8,88.88889,OPL,D0
6,2019,9,83.33333,OPL,D0
6,2019,10,96.296295,OPL,D0
6,2019,11,83.33333,OPL,D0
6,2019,12,83.33333,OPL,D0
6,2020,1,81.48148,OPL,D0
6,2020,2,94.117645,OPL,D0
6,2020,3,98.14815,OPL,D0
6,2020,4,61.11111,OPL,D0
6,2020,5,40.74074,OPL,D0
6,2020,6,22.222223,OPL,D0
6,2020,7,9.259259,OPL,D0
6,2020,8,0.0,OPL,D0
6,2020,9,5.555556,OPL,D0
6,2020,10,16.666668,OPL,D0
6,2020,11,16.666668,OPL,D0
6,2020,12,16.666668,OPL,D0
7,2016,1,90.473785,OPL,D0
7,2016,2,95.624016,OPL,D0
7,2016,3,69.33996,OPL,D0
7,2016,4,65.98651,OPL,D0
7,2016,5,36.621716,OPL,D0
7,2016,6,22.906317,OPL,D0
7,2016,7,14.141234,OPL,D0
7,2016,8,11.320086,OPL,D0
7,2016,9,15.880057,OPL,D0
7,2016,10,12.402413,OPL,D0
7,2016,11,3.2647266,OPL,D0
7,2016,12,0.30163234,OPL,D0
7,2017,1,0.01774308,OPL,D0
7,2017,2,0.053229243,OPL,D0
7,2017,3,0.07097232,OPL,D0
7,2017,4,34.474804,OPL,D0
7,2017,5,69.49965,OPL,D0
7,2017,6,79.38254,OPL,D0
7,2017,7,84.81193,OPL,D0
7,2017,8,86.071686,OPL,D0
7,2017,9,74.982254,OPL,D0
7,2017,10,79.47125,OPL,D0
7,2017,11,93.70121,OPL,D0
7,2017,12,87.89922,OPL,D0
7,2018,1,38.99929,OPL,D0
7,2018,2,18.772179,OPL,D0
7,2018,3,2.0404541,OPL,D0
7,2018,4,6.2987933,OPL,D0
7,2018,5,1.1178141,OPL,D0
7,2018,6,4.648687,OPL,D0
7,2018,7,9.279631,OPL,D0
7,2018,8,13.307311,OPL,D0
7,2018,9,14.833215,OPL,D0
7,2018,10,7.966643,OPL,D0
7,2018,11,3.4421575,OPL,D0
7,2018,12,6.014904,OPL,D0
7,2019,1,6.210078,OPL,D0
7,2019,2,18.452805,OPL,D0
7,2019,3,45.33357,OPL,D0
7,2019,4,46.806248,OPL,D0
7,2019,5,72.8176,OPL,D0
7,2019,6,84.63449,OPL,D0
7,2019,7,84.74095,OPL,D0
7,2019,8,80.18098,OPL,D0
7,2019,9,68.48829,OPL,D0
7,2019,10,68.896385,OPL,D0
7,2019,11,64.034775,OPL,D0
7,2019,12,64.21221,OPL,D0
7,2020,1,61.47977,OPL,D0
7,2020,2,73.74411,OPL,D0
7,2020,3,83.21504,OPL,D0
7,2020,4,46.43364,OPL,D0
7,2020,5,19.943222,OPL,D0
7,2020,6,8.427963,OPL,D0
7,2020,7,7.0262594,OPL,D0
7,2020,8,9.119944,OPL,D0
7,2020,9,25.816181,OPL,D0
7,2020,10,31.263308,OPL,D0
7,2020,11,35.557133,OPL,D0
7,2020,12,41.572037,OPL,D0
8,2016,1,95.77465,OPL,D0
8,2016,2,98.8764,OPL,D0
8,2016,3,44.94382,OPL,D0
8,2016,4,82.02247,OPL,D0
8,2016,5,19.101124,OPL,D0
8,2016,6,10.112359,OPL,D0
8,2016,7,8.988764,OPL,D0
8,2016,8,5.6179776,OPL,D0
8,2016,9,30.337078,OPL,D0
8,2016,10,0.0,OPL,D0
8,2016,11,0.0,OPL,D0
8,2016,12,0.0,OPL,D0
8,2017,1,0.0,OPL,D0
8,2017,2,0.0,OPL,D0
8,2017,3,0.0,OPL,D0
8,2017,4,80.89887,OPL,D0
8,2017,5,94.38203,OPL,D0
8,2017,6,97.75281,OPL,D0
8,2017,7,98.8764,OPL,D0
8,2017,8,95.505615,OPL,D0
8,2017,9,65.16854,OPL,D0
8,2017,10,95.505615,OPL,D0
8,2017,11,100.0,OPL,D0
8,2017,12,92.134834,OPL,D0
8,2018,1,48.314606,OPL,D0
8,2018,2,5.6179776,OPL,D0
8,2018,3,0.0,OPL,D0
8,2018,4,0.0,OPL,D0
8,2018,5,0.0,OPL,D0
8,2018,6,0.0,OPL,D0
8,2018,7,0.0,OPL,D0
8,2018,8,0.0,OPL,D0
8,2018,9,0.0,OPL,D0
8,2018,10,0.0,OPL,D0
8,2018,11,0.0,OPL,D0
8,2018,12,0.0,OPL,D0
8,2019,1,0.0,OPL,D0
8,2019,2,0.0,OPL,D0
8,2019,3,56.179775,OPL,D0
8,2019,4,12.35955,OPL,D0
8,2019,5,77.52809,OPL,D0
8,2019,6,91.01124,OPL,D0
8,2019,7,87.64045,OPL,D0
8,2019,8,98.8764,OPL,D0
8,2019,9,98.8764,OPL,D0
8,2019,10,92.134834,OPL,D0
8,2019,11,26.966291,OPL,D0
8,2019,12,20.224718,OPL,D0
8,2020,1,55.05618,OPL,D0
8,2020,2,95.505615,OPL,D0
8,2020,3,98.8764,OPL,D0
8,2020,4,24.7191,OPL,D0
8,2020,5,8.988764,OPL,D0
8,2020,6,1.1235955,OPL,D0
8,2020,7,4.494382,OPL,D0
8,2020,8,0.0,OPL,D0
8,2020,9,5.6179776,OPL,D0
8,2020,10,12.35955,OPL,D0
8,2020,11,73.03371,OPL,D0
8,2020,12,87.64045,OPL,D0
9,2016,1,100.0,OPL,D0
9,2016,2,100.0,OPL,D0
9,2016,3,76.92308,OPL,D0
9,2016,4,38.46154,OPL,D0
9,2016,5,15.384616,OPL,D0
9,2016,6,0.0,OPL,D0
9,2016,7,0.0,OPL,D0
9,2016,8,0.0,OPL,D0
9,2016,9,7.692308,OPL,D0
9,2016,10,0.0,OPL,D0
9,2016,11,0.0,OPL,D0
9,2016,12,0.0,OPL,D0
9,2017,1,0.0,OPL,D0
9,2017,2,0.0,OPL,D0
9,2017,3,0.0,OPL,D0
9,2017,4,15.384616,OPL,D0
9,2017,5,23.076923,OPL,D0
9,2017,6,100.0,OPL,D0
9,2017,7,92.30769,OPL,D0
9,2017,8,84.61539,OPL,D0
9,2017,9,38.46154,OPL,D0
9,2017,10,92.30769,OPL,D0
9,2017,11,100.0,OPL,D0
9,2017,12,100.0,OPL,D0
9,2018,1,7.692308,OPL,D0
9,2018,2,0.0,OPL,D0
9,2018,3,0.0,OPL,D0
9,2018,4,0.0,OPL,D0
9,2018,5,0.0,OPL,D0
9,2018,6,0.0,OPL,D0
9,2018,7,0.0,OPL,D0
9,2018,8,0.0,OPL,D0
9,2018,9,0.0,OPL,D0
9,2018,10,0.0,OPL,D0
9,2018,11,0.0,OPL,D0
9,2018,12,0.0,OPL,D0
9,2019,1,0.0,OPL,D0
9,2019,2,0.0,OPL,D0
9,2019,3,23.076923,OPL,D0
9,2019,4,69.230774,OPL,D0
9,2019,5,92.30769,OPL,D0
9,2019,6,100.0,OPL,D0
9,2019,7,100.0,OPL,D0
9,2019,8,100.0,OPL,D0
9,2019,9,92.30769,OPL,D0
9,2019,10,61.538464,OPL,D0
9,2019,11,15.384616,OPL,D0
9,2019,12,0.0,OPL,D0
9,2020,1,92.30769,OPL,D0
9,2020,2,100.0,OPL,D0
9,2020,3,100.0,OPL,D0
9,2020,4,76.92308,OPL,D0
9,2020,5,69.230774,OPL,D0
9,2020,6,0.0,OPL,D0
9,2020,7,7.692308,OPL,D0
9,2020,8,15.384616,OPL,D0
9,2020,9,61.538464,OPL,D0
9,2020,10,46.153847,OPL,D0
9,2020,11,84.61539,OPL,D0
9,2020,12,100.0,OPL,D0
10,2016,1,95.290855,OPL,D0
10,2016,2,98.5567,OPL,D0
10,2016,3,83.623695,OPL,D0
10,2016,4,82.92683,OPL,D0
10,2016,5,54.00697,OPL,D0
10,2016,6,40.418118,OPL,D0
10,2016,7,27.1777,OPL,D0
10,2016,8,22.125435,OPL,D0
10,2016,9,20.731707,OPL,D0
10,2016,10,8.013938,OPL,D0
10,2016,11,0.6968641,OPL,D0
10,2016,12,0.17421603,OPL,D0
10,2017,1,0.34843206,OPL,D0
10,2017,2,1.2195121,OPL,D0
10,2017,3,0.0,OPL,D0
10,2017,4,18.466898,OPL,D0
10,2017,5,40.243904,OPL,D0
10,2017,6,56.968643,OPL,D0
10,2017,7,66.02787,OPL,D0
10,2017,8,65.505226,OPL,D0
10,2017,9,54.181183,OPL,D0
10,2017,10,67.24738,OPL,D0
10,2017,11,93.55401,OPL,D0
10,2017,12,86.9338,OPL,D0
10,2018,1,29.268291,OPL,D0
10,2018,2,17.073172,OPL,D0
10,2018,3,0.5226481,OPL,D0
10,2018,4,4.8780484,OPL,D0
10,2018,5,0.0,OPL,D0
10,2018,6,1.0452962,OPL,D0
10,2018,7,2.4390242,OPL,D0
10,2018,8,4.7038326,OPL,D0
10,2018,9,5.923345,OPL,D0
10,2018,10,2.2648084,OPL,D0
10,2018,11,1.5679443,OPL,D0
10,2018,12,2.7874565,OPL,D0
10,2019,1,2.2648084,OPL,D0
10,2019,2,10.97561,OPL,D0
10,2019,3,18.989546,OPL,D0
10,2019,4,31.533102,OPL,D0
10,2019,5,45.29617,OPL,D0
10,2019,6,71.951225,OPL,D0
10,2019,7,79.79094,OPL,D0
10,2019,8,83.44948,OPL,D0
10,2019,9,75.60976,OPL,D0
10,2019,10,80.31358,OPL,D0
10,2019,11,72.8223,OPL,D0
10,2019,12,71.25436,OPL,D0
10,2020,1,71.08014,OPL,D0
10,2020,2,85.15464,OPL,D0
10,2020,3,96.86411,OPL,D0
10,2020,4,62.19512,OPL,D0
10,2020,5,60.45296,OPL,D0
10,2020,6,29.616726,OPL,D0
10,2020,7,24.56446,OPL,D0
10,2020,8,24.216028,OPL,D0
10,2020,9,43.55401,OPL,D0
10,2020,10,42.16028,OPL,D0
10,2020,11,31.358887,OPL,D0
10,2020,12,38.850174,OPL,D0
12,2016,1,100.0,OPL,D0
12,2016,2,100.0,OPL,D0
12,2016,3,44.897957,OPL,D0
12,2016,4,34.516415,OPL,D0
12,2016,5,4.0816326,OPL,D0
12,2016,6,1.3309672,OPL,D0
12,2016,7,3.0168588,OPL,D0
12,2016,8,22.271517,OPL,D0
12,2016,9,38.77551,OPL,D0
12,2016,10,19.698315,OPL,D0
12,2016,11,0.3549246,OPL,D0
12,2016,12,0.0,OPL,D0
12,2017,1,0.0,OPL,D0
12,2017,2,0.0,OPL,D0
12,2017,3,0.0,OPL,D0
12,2017,4,37.79947,OPL,D0
12,2017,5,79.325645,OPL,D0
12,2017,6,96.80568,OPL,D0
12,2017,7,92.90151,OPL,D0
12,2017,8,53.41615,OPL,D0
12,2017,9,43.921917,OPL,D0
12,2017,10,81.54392,OPL,D0
12,2017,11,99.7338,OPL,D0
12,2017,12,71.5173,OPL,D0
12,2018,1,17.213842,OPL,D0
12,2018,2,0.5323869,OPL,D0
12,2018,3,0.0,OPL,D0
12,2018,4,0.0,OPL,D0
12,2018,5,0.26619345,OPL,D0
12,2018,6,2.2182786,OPL,D0
12,2018,7,7.1872225,OPL,D0
12,2018,8,56.166817,OPL,D0
12,2018,9,36.024845,OPL,D0
12,2018,10,3.1943214,OPL,D0
12,2018,11,0.0,OPL,D0
12,2018,12,0.1774623,OPL,D0
12,2019,1,0.08873115,OPL,D0
12,2019,2,2.7506654,OPL,D0
12,2019,3,60.248447,OPL,D0
12,2019,4,62.377995,OPL,D0
12,2019,5,84.294586,OPL,D0
12,2019,6,86.24667,OPL,D0
12,2019,7,63.087845,OPL,D0
12,2019,8,41.437443,OPL,D0
12,2019,9,45.607807,OPL,D0
12,2019,10,66.19343,OPL,D0
12,2019,11,43.833183,OPL,D0
12,2019,12,38.06566,OPL,D0
12,2020,1,82.697426,OPL,D0
12,2020,2,96.97509,OPL,D0
12,2020,3,94.85359,OPL,D0
12,2020,4,65.30612,OPL,D0
12,2020,5,32.031944,OPL,D0
12,2020,6,13.398403,OPL,D0
12,2020,7,33.806564,OPL,D0
12,2020,8,26.708075,OPL,D0
12,2020,9,35.669918,OPL,D0
12,2020,10,29.37001,OPL,D0
12,2020,11,56.078083,OPL,D0
12,2020,12,90.23957,OPL,D0
13,2016,1,96.0,OPL,D0
13,2016,2,88.42105,OPL,D0
13,2016,3,64.10257,OPL,D0
13,2016,4,74.35898,OPL,D0
13,2016,5,51.282055,OPL,D0
13,2016,6,59.829063,OPL,D0
13,2016,7,63.247864,OPL,D0
13,2016,8,67.52137,OPL,D0
13,2016,9,55.555557,OPL,D0
13,2016,10,58.11966,OPL,D0
13,2016,11,18.80342,OPL,D0
13,2016,12,6.8376074,OPL,D0
13,2017,1,8.5470085,OPL,D0
13,2017,2,5.982906,OPL,D0
13,2017,3,5.982906,OPL,D0
13,2017,4,23.076923,OPL,D0
13,2017,5,31.623932,OPL,D0
13,2017,6,22.222223,OPL,D0
13,2017,7,18.80342,OPL,D0
13,2017,8,19.65812,OPL,D0
13,2017,9,30.769232,OPL,D0
13,2017,10,35.897438,OPL,D0
13,2017,11,83.76068,OPL,D0
13,2017,12,68.37607,OPL,D0
13,2018,1,17.094017,OPL,D0
13,2018,2,5.982906,OPL,D0
13,2018,3,11.111112,OPL,D0
13,2018,4,11.111112,OPL,D0
13,2018,5,8.5470085,OPL,D0
13,2018,6,8.5470085,OPL,D0
13,2018,7,9.40171,OPL,D0
13,2018,8,8.5470085,OPL,D0
13,2018,9,6.8376074,OPL,D0
13,2018,10,0.0,OPL,D0
13,2018,11,0.0,OPL,D0
13,2018,12,0.0,OPL,D0
13,2019,1,2.5641026,OPL,D0
13,2019,2,26.495728,OPL,D0
13,2019,3,32.478634,OPL,D0
13,2019,4,22.222223,OPL,D0
13,2019,5,41.025642,OPL,D0
13,2019,6,44.444447,OPL,D0
13,2019,7,40.17094,OPL,D0
13,2019,8,36.752136,OPL,D0
13,2019,9,36.752136,OPL,D0
13,2019,10,30.769232,OPL,D0
13,2019,11,24.786325,OPL,D0
13,2019,12,36.752136,OPL,D0
13,2020,1,74.35898,OPL,D0
13,2020,2,87.36842,OPL,D0
13,2020,3,86.32478,OPL,D0
13,2020,4,69.230774,OPL,D0
13,2020,5,67.52137,OPL,D0
13,2020,6,64.95727,OPL,D0
13,2020,7,68.37607,OPL,D0
13,2020,8,67.52137,OPL,D0
13,2020,9,70.08547,OPL,D0
13,2020,10,75.21368,OPL,D0
13,2020,11,72.649574,OPL,D0
13,2020,12,88.03419,OPL,D0
14,2016,1,,OPL,D0
14,2016,2,100.0,OPL,D0
14,2016,3,100.0,OPL,D0
14,2016,4,0.0,OPL,D0
14,2016,5,0.0,OPL,D0
14,2016,6,0.0,OPL,D0
14,2016,7,0.0,OPL,D0
14,2016,8,0.0,OPL,D0
14,2016,9,0.0,OPL,D0
14,2016,10,0.0,OPL,D0
14,2016,11,0.0,OPL,D0
14,2016,12,0.0,OPL,D0
14,2017,1,0.0,OPL,D0
14,2017,2,0.0,OPL,D0
14,2017,3,0.0,OPL,D0
14,2017,4,0.0,OPL,D0
14,2017,5,0.0,OPL,D0
14,2017,6,0.0,OPL,D0
14,2017,7,0.0,OPL,D0
14,2017,8,0.0,OPL,D0
14,2017,9,0.0,OPL,D0
14,2017,10,100.0,OPL,D0
14,2017,11,100.0,OPL,D0
14,2017,12,100.0,OPL,D0
14,2018,1,0.0,OPL,D0
14,2018,2,0.0,OPL,D0
14,2018,3,0.0,OPL,D0
14,2018,4,0.0,OPL,D0
14,2018,5,0.0,OPL,D0
14,2018,6,0.0,OPL,D0
14,2018,7,0.0,OPL,D0
14,2018,8,0.0,OPL,D0
14,2018,9,0.0,OPL,D0
14,2018,10,0.0,OPL,D0
14,2018,11,0.0,OPL,D0
14,2018,12,0.0,OPL,D0
14,2019,1,0.0,OPL,D0
14,2019,2,0.0,OPL,D0
14,2019,3,0.0,OPL,D0
14,2019,4,100.0,OPL,D0
14,2019,5,100.0,OPL,D0
14,2019,6,100.0,OPL,D0
14,2019,7,100.0,OPL,D0
14,2019,8,100.0,OPL,D0
14,2019,9,100.0,OPL,D0
14,2019,10,100.0,OPL,D0
14,2019,11,0.0,OPL,D0
14,2019,12,0.0,OPL,D0
14,2020,1,100.0,OPL,D0
14,2020,2,100.0,OPL,D0
14,2020,3,100.0,OPL,D0
14,2020,4,100.0,OPL,D0
14,2020,5,100.0,OPL,D0
14,2020,6,100.0,OPL,D0
14,2020,7,100.0,OPL,D0
14,2020,8,100.0,OPL,D0
14,2020,9,100.0,OPL,D0
14,2020,10,0.0,OPL,D0
14,2020,11,100.0,OPL,D0
14,2020,12,100.0,OPL,D0
16,2016,1,43.78488,OPL,D0
16,2016,2,40.97334,OPL,D0
16,2016,3,29.592815,OPL,D0
16,2016,4,51.78443,OPL,D0
16,2016,5,30.2994,OPL,D0
16,2016,6,41.137726,OPL,D0
16,2016,7,36.8503,OPL,D0
16,2016,8,36.81437,OPL,D0
16,2016,9,34.63473,OPL,D0
16,2016,10,34.53892,OPL,D0
16,2016,11,5.4371257,OPL,D0
16,2016,12,0.035928145,OPL,D0
16,2017,1,0.28742516,OPL,D0
16,2017,2,1.5568863,OPL,D0
16,2017,3,10.826347,OPL,D0
16,2017,4,46.562874,OPL,D0
16,2017,5,35.868263,OPL,D0
16,2017,6,17.449102,OPL,D0
16,2017,7,17.88024,OPL,D0
16,2017,8,18.131737,OPL,D0
16,2017,9,47.341316,OPL,D0
16,2017,10,18.443113,OPL,D0
16,2017,11,62.431137,OPL,D0
16,2017,12,38.622753,OPL,D0
16,2018,1,21.988024,OPL,D0
16,2018,2,6.6826353,OPL,D0
16,2018,3,15.796407,OPL,D0
16,2018,4,47.233536,OPL,D0
16,2018,5,21.36527,OPL,D0
16,2018,6,28.011974,OPL,D0
16,2018,7,33.90419,OPL,D0
16,2018,8,13.305389,OPL,D0
16,2018,9,1.9281437,OPL,D0
16,2018,10,2.6347306,OPL,D0
16,2018,11,0.20359282,OPL,D0
16,2018,12,13.377245,OPL,D0
16,2019,1,27.736526,OPL,D0
16,2019,2,64.27545,OPL,D0
16,2019,3,59.904194,OPL,D0
16,2019,4,10.970059,OPL,D0
16,2019,5,57.425148,OPL,D0
16,2019,6,51.712574,OPL,D0
16,2019,7,50.63473,OPL,D0
16,2019,8,54.69461,OPL,D0
16,2019,9,43.676647,OPL,D0
16,2019,10,57.221558,OPL,D0
16,2019,11,74.68263,OPL,D0
16,2019,12,74.5988,OPL,D0
16,2020,1,76.52695,OPL,D0
16,2020,2,95.88821,OPL,D0
16,2020,3,83.88024,OPL,D0
16,2020,4,43.4491,OPL,D0
16,2020,5,55.041916,OPL,D0
16,2020,6,61.68862,OPL,D0
16,2020,7,60.73054,OPL,D0
16,2020,8,77.053894,OPL,D0
16,2020,9,72.41916,OPL,D0
16,2020,10,87.161674,OPL,D0
16,2020,11,57.24551,OPL,D0
16,2020,12,73.36527,OPL,D0
1,2016,1,93.333336,OPL,D1
1,2016,2,70.0,OPL,D1
1,2016,3,0.0,OPL,D1
1,2016,4,50.0,OPL,D1
1,2016,5,27.272728,OPL,D1
1,2016,6,36.363636,OPL,D1
1,2016,7,31.818182,OPL,D1
1,2016,8,50.0,OPL,D1
1,2016,9,63.636364,OPL,D1
1,2016,10,22.727274,OPL,D1
1,2016,11,0.0,OPL,D1
1,2016,12,0.0,OPL,D1
1,2017,1,0.0,OPL,D1
1,2017,2,0.0,OPL,D1
1,2017,3,0.0,OPL,D1
1,2017,4,9.090909,OPL,D1
1,2017,5,31.818182,OPL,D1
1,2017,6,18.181818,OPL,D1
1,2017,7,31.818182,OPL,D1
1,2017,8,22.727274,OPL,D1
1,2017,9,0.0,OPL,D1
1,2017,10,9.090909,OPL,D1
1,2017,11,63.636364,OPL,D1
1,2017,12,18.181818,OPL,D1
1,2018,1,9.090909,OPL,D1
1,2018,2,0.0,OPL,D1
1,2018,3,0.0,OPL,D1
1,2018,4,0.0,OPL,D1
1,2018,5,0.0,OPL,D1
1,2018,6,0.0,OPL,D1
1,2018,7,0.0,OPL,D1
1,2018,8,0.0,OPL,D1
1,2018,9,0.0,OPL,D1
1,2018,10,0.0,OPL,D1
1,2018,11,0.0,OPL,D1
1,2018,12,0.0,OPL,D1
1,2019,1,0.0,OPL,D1
1,2019,2,9.090909,OPL,D1
1,2019,3,0.0,OPL,D1
1,2019,4,13.636364,OPL,D1
1,2019,5,9.090909,OPL,D1
1,2019,6,13.636364,OPL,D1
1,2019,7,0.0,OPL,D1
1,2019,8,0.0,OPL,D1
1,2019,9,0.0,OPL,D1
1,2019,10,22.727274,OPL,D1
1,2019,11,13.636364,OPL,D1
1,2019,12,18.181818,OPL,D1
1,2020,1,27.272728,OPL,D1
1,2020,2,30.000002,OPL,D1
1,2020,3,100.0,OPL,D1
1,2020,4,27.272728,OPL,D1
1,2020,5,31.818182,OPL,D1
1,2020,6,31.818182,OPL,D1
1,2020,7,36.363636,OPL,D1
1,2020,8,27.272728,OPL,D1
1,2020,9,36.363636,OPL,D1
1,2020,10,45.454548,OPL,D1
1,2020,11,22.727274,OPL,D1
1,2020,12,63.636364,OPL,D1
2,2016,1,100.0,OPL,D1
2,2016,2,75.0,OPL,D1
2,2016,3,0.0,OPL,D1
2,2016,4,100.0,OPL,D1
2,2016,5,0.0,OPL,D1
2,2016,6,0.0,OPL,D1
2,2016,7,25.0,OPL,D1
2,2016,8,25.0,OPL,D1
2,2016,9,37.5,OPL,D1
2,2016,10,0.0,OPL,D1
2,2016,11,0.0,OPL,D1
2,2016,12,0.0,OPL,D1
2,2017,1,0.0,OPL,D1
2,2017,2,0.0,OPL,D1
2,2017,3,0.0,OPL,D1
2,2017,4,0.0,OPL,D1
2,2017,5,0.0,OPL,D1
2,2017,6,0.0,OPL,D1
2,2017,7,0.0,OPL,D1
2,2017,8,0.0,OPL,D1
2,2017,9,0.0,OPL,D1
2,2017,10,0.0,OPL,D1
2,2017,11,100.0,OPL,D1
2,2017,12,100.0,OPL,D1
2,2018,1,0.0,OPL,D1
2,2018,2,0.0,OPL,D1
2,2018,3,0.0,OPL,D1
2,2018,4,0.0,OPL,D1
2,2018,5,0.0,OPL,D1
2,2018,6,0.0,OPL,D1
2,2018,7,0.0,OPL,D1
2,2018,8,0.0,OPL,D1
2,2018,9,0.0,OPL,D1
2,2018,10,0.0,OPL,D1
2,2018,11,0.0,OPL,D1
2,2018,12,0.0,OPL,D1
2,2019,1,0.0,OPL,D1
2,2019,2,0.0,OPL,D1
2,2019,3,0.0,OPL,D1
2,2019,4,0.0,OPL,D1
2,2019,5,100.0,OPL,D1
2,2019,6,100.0,OPL,D1
2,2019,7,75.0,OPL,D1
2,2019,8,75.0,OPL,D1
2,2019,9,62.5,OPL,D1
2,2019,10,100.0,OPL,D1
2,2019,11,0.0,OPL,D1
2,2019,12,0.0,OPL,D1
2,2020,1,37.5,OPL,D1
2,2020,2,25.0,OPL,D1
2,2020,3,100.0,OPL,D1
2,2020,4,0.0,OPL,D1
2,2020,5,0.0,OPL,D1
2,2020,6,0.0,OPL,D1
2,2020,7,0.0,OPL,D1
2,2020,8,0.0,OPL,D1
2,2020,9,0.0,OPL,D1
2,2020,10,0.0,OPL,D1
2,2020,11,0.0,OPL,D1
2,2020,12,0.0,OPL,D1
3,2016,1,100.0,OPL,D1
3,2016,2,100.0,OPL,D1
3,2016,3,0.0,OPL,D1
3,2016,4,0.0,OPL,D1
3,2016,5,0.0,OPL,D1
3,2016,6,0.0,OPL,D1
3,2016,7,50.0,OPL,D1
3,2016,8,100.0,OPL,D1
3,2016,9,0.0,OPL,D1
3,2016,10,0.0,OPL,D1
3,2016,11,0.0,OPL,D1
3,2016,12,0.0,OPL,D1
3,2017,1,0.0,OPL,D1
3,2017,2,0.0,OPL,D1
3,2017,3,0.0,OPL,D1
3,2017,4,0.0,OPL,D1
3,2017,5,0.0,OPL,D1
3,2017,6,0.0,OPL,D1
3,2017,7,0.0,OPL,D1
3,2017,8,0.0,OPL,D1
3,2017,9,0.0,OPL,D1
3,2017,10,0.0,OPL,D1
3,2017,11,100.0,OPL,D1
3,2017,12,0.0,OPL,D1
3,2018,1,0.0,OPL,D1
3,2018,2,0.0,OPL,D1
3,2018,3,0.0,OPL,D1
3,2018,4,0.0,OPL,D1
3,2018,5,0.0,OPL,D1
3,2018,6,0.0,OPL,D1
3,2018,7,0.0,OPL,D1
3,2018,8,0.0,OPL,D1
3,2018,9,0.0,OPL,D1
3,2018,10,0.0,OPL,D1
3,2018,11,0.0,OPL,D1
3,2018,12,0.0,OPL,D1
3,2019,1,0.0,OPL,D1
3,2019,2,0.0,OPL,D1
3,2019,3,0.0,OPL,D1
3,2019,4,0.0,OPL,D1
3,2019,5,0.0,OPL,D1
3,2019,6,0.0,OPL,D1
3,2019,7,0.0,OPL,D1
3,2019,8,0.0,OPL,D1
3,2019,9,0.0,OPL,D1
3,2019,10,0.0,OPL,D1
3,2019,11,0.0,OPL,D1
3,2019,12,0.0,OPL,D1
3,2020,1,0.0,OPL,D1
3,2020,2,0.0,OPL,D1
3,2020,3,100.0,OPL,D1
3,2020,4,100.0,OPL,D1
3,2020,5,100.0,OPL,D1
3,2020,6,100.0,OPL,D1
3,2020,7,50.0,OPL,D1
3,2020,8,0.0,OPL,D1
3,2020,9,100.0,OPL,D1
3,2020,10,100.0,OPL,D1
3,2020,11,0.0,OPL,D1
3,2020,12,100.0,OPL,D1
5,2016,1,86.36364,OPL,D1
5,2016,2,75.675674,OPL,D1
5,2016,3,2.7027028,OPL,D1
5,2016,4,72.97297,OPL,D1
5,2016,5,62.162163,OPL,D1
5,2016,6,43.243244,OPL,D1
5,2016,7,56.75676,OPL,D1
5,2016,8,59.45946,OPL,D1
5,2016,9,64.86486,OPL,D1
5,2016,10,2.7027028,OPL,D1
5,2016,11,0.0,OPL,D1
5,2016,12,0.0,OPL,D1
5,2017,1,0.0,OPL,D1
5,2017,2,0.0,OPL,D1
5,2017,3,0.0,OPL,D1
5,2017,4,16.216215,OPL,D1
5,2017,5,27.027025,OPL,D1
5,2017,6,43.243244,OPL,D1
5,2017,7,37.837837,OPL,D1
5,2017,8,27.027025,OPL,D1
5,2017,9,21.621622,OPL,D1
5,2017,10,21.621622,OPL,D1
5,2017,11,94.59459,OPL,D1
5,2017,12,32.43243,OPL,D1
5,2018,1,8.108108,OPL,D1
5,2018,2,0.0,OPL,D1
5,2018,3,0.0,OPL,D1
5,2018,4,0.0,OPL,D1
5,2018,5,0.0,OPL,D1
5,2018,6,0.0,OPL,D1
5,2018,7,0.0,OPL,D1
5,2018,8,0.0,OPL,D1
5,2018,9,0.0,OPL,D1
5,2018,10,0.0,OPL,D1
5,2018,11,0.0,OPL,D1
5,2018,12,0.0,OPL,D1
5,2019,1,0.0,OPL,D1
5,2019,2,0.0,OPL,D1
5,2019,3,5.4054055,OPL,D1
5,2019,4,5.4054055,OPL,D1
5,2019,5,5.4054055,OPL,D1
5,2019,6,13.513513,OPL,D1
5,2019,7,5.4054055,OPL,D1
5,2019,8,13.513513,OPL,D1
5,2019,9,10.810811,OPL,D1
5,2019,10,72.97297,OPL,D1
5,2019,11,2.7027028,OPL,D1
5,2019,12,8.108108,OPL,D1
5,2020,1,40.54054,OPL,D1
5,2020,2,24.324326,OPL,D1
5,2020,3,91.89189,OPL,D1
5,2020,4,5.4054055,OPL,D1
5,2020,5,5.4054055,OPL,D1
5,2020,6,0.0,OPL,D1
5,2020,7,0.0,OPL,D1
5,2020,8,0.0,OPL,D1
5,2020,9,2.7027028,OPL,D1
5,2020,10,2.7027028,OPL,D1
5,2020,11,2.7027028,OPL,D1
5,2020,12,59.45946,OPL,D1
6,2016,1,72.22222,OPL,D1
6,2016,2,55.88235,OPL,D1
6,2016,3,14.814815,OPL,D1
6,2016,4,55.555557,OPL,D1
6,2016,5,29.62963,OPL,D1
6,2016,6,3.7037036,OPL,D1
6,2016,7,1.8518518,OPL,D1
6,2016,8,3.7037036,OPL,D1
6,2016,9,12.962963,OPL,D1
6,2016,10,0.0,OPL,D1
6,2016,11,0.0,OPL,D1
6,2016,12,0.0,OPL,D1
6,2017,1,0.0,OPL,D1
6,2017,2,0.0,OPL,D1
6,2017,3,0.0,OPL,D1
6,2017,4,3.7037036,OPL,D1
6,2017,5,16.666668,OPL,D1
6,2017,6,46.296295,OPL,D1
6,2017,7,66.66667,OPL,D1
6,2017,8,64.81481,OPL,D1
6,2017,9,68.51852,OPL,D1
6,2017,10,51.851852,OPL,D1
6,2017,11,75.92593,OPL,D1
6,2017,12,9.259259,OPL,D1
6,2018,1,5.555556,OPL,D1
6,2018,2,11.111112,OPL,D1
6,2018,3,0.0,OPL,D1
6,2018,4,0.0,OPL,D1
6,2018,5,0.0,OPL,D1
6,2018,6,0.0,OPL,D1
6,2018,7,0.0,OPL,D1
6,2018,8,0.0,OPL,D1
6,2018,9,0.0,OPL,D1
6,2018,10,0.0,OPL,D1
6,2018,11,0.0,OPL,D1
6,2018,12,0.0,OPL,D1
6,2019,1,0.0,OPL,D1
6,2019,2,25.925926,OPL,D1
6,2019,3,1.8518518,OPL,D1
6,2019,4,5.555556,OPL,D1
6,2019,5,18.518518,OPL,D1
6,2019,6,37.037037,OPL,D1
6,2019,7,31.48148,OPL,D1
6,2019,8,31.48148,OPL,D1
6,2019,9,16.666668,OPL,D1
6,2019,10,42.592594,OPL,D1
6,2019,11,24.074074,OPL,D1
6,2019,12,77.77778,OPL,D1
6,2020,1,70.37037,OPL,D1
6,2020,2,44.11765,OPL,D1
6,2020,3,83.33333,OPL,D1
6,2020,4,35.185184,OPL,D1
6,2020,5,35.185184,OPL,D1
6,2020,6,12.962963,OPL,D1
6,2020,7,0.0,OPL,D1
6,2020,8,0.0,OPL,D1
6,2020,9,1.8518518,OPL,D1
6,2020,10,5.555556,OPL,D1
6,2020,11,0.0,OPL,D1
6,2020,12,12.962963,OPL,D1
7,2016,1,65.5746,OPL,D1
7,2016,2,67.79827,OPL,D1
7,2016,3,30.766502,OPL,D1
7,2016,4,45.244854,OPL,D1
7,2016,5,21.202982,OPL,D1
7,2016,6,9.687721,OPL,D1
7,2016,7,2.0936835,OPL,D1
7,2016,8,1.2242725,OPL,D1
7,2016,9,5.287438,OPL,D1
7,2016,10,1.3662171,OPL,D1
7,2016,11,0.5677786,OPL,D1
7,2016,12,0.0,OPL,D1
7,2017,1,0.0,OPL,D1
7,2017,2,0.053229243,OPL,D1
7,2017,3,0.0,OPL,D1
7,2017,4,8.836054,OPL,D1
7,2017,5,42.26402,OPL,D1
7,2017,6,46.965935,OPL,D1
7,2017,7,58.356987,OPL,D1
7,2017,8,52.377575,OPL,D1
7,2017,9,42.77857,OPL,D1
7,2017,10,40.56068,OPL,D1
7,2017,11,74.48545,OPL,D1
7,2017,12,31.298792,OPL,D1
7,2018,1,19.960966,OPL,D1
7,2018,2,5.3761535,OPL,D1
7,2018,3,0.088715404,OPL,D1
7,2018,4,0.124201566,OPL,D1
7,2018,5,0.0,OPL,D1
7,2018,6,0.5677786,OPL,D1
7,2018,7,4.808375,OPL,D1
7,2018,8,6.7068844,OPL,D1
7,2018,9,7.4166074,OPL,D1
7,2018,10,3.7615328,OPL,D1
7,2018,11,1.3307309,OPL,D1
7,2018,12,2.9630945,OPL,D1
7,2019,1,3.6905606,OPL,D1
7,2019,2,6.813343,OPL,D1
7,2019,3,12.916963,OPL,D1
7,2019,4,18.754436,OPL,D1
7,2019,5,28.193754,OPL,D1
7,2019,6,39.833214,OPL,D1
7,2019,7,33.10859,OPL,D1
7,2019,8,37.970192,OPL,D1
7,2019,9,35.379704,OPL,D1
7,2019,10,35.734566,OPL,D1
7,2019,11,10.876508,OPL,D1
7,2019,12,40.400993,OPL,D1
7,2020,1,30.180979,OPL,D1
7,2020,2,29.258242,OPL,D1
7,2020,3,56.22782,OPL,D1
7,2020,4,27.040455,OPL,D1
7,2020,5,8.339248,OPL,D1
7,2020,6,2.9453511,OPL,D1
7,2020,7,1.6323633,OPL,D1
7,2020,8,1.7210788,OPL,D1
7,2020,9,9.137687,OPL,D1
7,2020,10,18.577005,OPL,D1
7,2020,11,12.7395315,OPL,D1
7,2020,12,25.337118,OPL,D1
8,2016,1,91.54929,OPL,D1
8,2016,2,89.88764,OPL,D1
8,2016,3,8.988764,OPL,D1
8,2016,4,35.955055,OPL,D1
8,2016,5,5.6179776,OPL,D1
8,2016,6,0.0,OPL,D1
8,2016,7,2.247191,OPL,D1
8,2016,8,3.3707864,OPL,D1
8,2016,9,3.3707864,OPL,D1
8,2016,10,0.0,OPL,D1
8,2016,11,0.0,OPL,D1
8,2016,12,0.0,OPL,D1
8,2017,1,0.0,OPL,D1
8,2017,2,0.0,OPL,D1
8,2017,3,0.0,OPL,D1
8,2017,4,49.4382,OPL,D1
8,2017,5,56.179775,OPL,D1
8,2017,6,68.53933,OPL,D1
8,2017,7,84.26966,OPL,D1
8,2017,8,35.955055,OPL,D1
8,2017,9,21.348314,OPL,D1
8,2017,10,17.977528,OPL,D1
8,2017,11,98.8764,OPL,D1
8,2017,12,68.53933,OPL,D1
8,2018,1,7.865169,OPL,D1
8,2018,2,0.0,OPL,D1
8,2018,3,0.0,OPL,D1
8,2018,4,0.0,OPL,D1
8,2018,5,0.0,OPL,D1
8,2018,6,0.0,OPL,D1
8,2018,7,0.0,OPL,D1
8,2018,8,0.0,OPL,D1
8,2018,9,0.0,OPL,D1
8,2018,10,0.0,OPL,D1
8,2018,11,0.0,OPL,D1
8,2018,12,0.0,OPL,D1
8,2019,1,0.0,OPL,D1
8,2019,2,0.0,OPL,D1
8,2019,3,4.494382,OPL,D1
8,2019,4,0.0,OPL,D1
8,2019,5,37.07865,OPL,D1
8,2019,6,31.460676,OPL,D1
8,2019,7,13.483146,OPL,D1
8,2019,8,60.674156,OPL,D1
8,2019,9,73.03371,OPL,D1
8,2019,10,77.52809,OPL,D1
8,2019,11,1.1235955,OPL,D1
8,2019,12,8.988764,OPL,D1
8,2020,1,19.101124,OPL,D1
8,2020,2,10.112359,OPL,D1
8,2020,3,86.51685,OPL,D1
8,2020,4,14.606741,OPL,D1
8,2020,5,1.1235955,OPL,D1
8,2020,6,0.0,OPL,D1
8,2020,7,0.0,OPL,D1
8,2020,8,0.0,OPL,D1
8,2020,9,2.247191,OPL,D1
8,2020,10,4.494382,OPL,D1
8,2020,11,0.0,OPL,D1
8,2020,12,22.47191,OPL,D1
9,2016,1,100.0,OPL,D1
9,2016,2,100.0,OPL,D1
9,2016,3,69.230774,OPL,D1
9,2016,4,15.384616,OPL,D1
9,2016,5,7.692308,OPL,D1
9,2016,6,0.0,OPL,D1
9,2016,7,0.0,OPL,D1
9,2016,8,0.0,OPL,D1
9,2016,9,0.0,OPL,D1
9,2016,10,0.0,OPL,D1
9,2016,11,0.0,OPL,D1
9,2016,12,0.0,OPL,D1
9,2017,1,0.0,OPL,D1
9,2017,2,0.0,OPL,D1
9,2017,3,0.0,OPL,D1
9,2017,4,7.692308,OPL,D1
9,2017,5,7.692308,OPL,D1
9,2017,6,15.384616,OPL,D1
9,2017,7,30.769232,OPL,D1
9,2017,8,0.0,OPL,D1
9,2017,9,7.692308,OPL,D1
9,2017,10,53.846157,OPL,D1
9,2017,11,100.0,OPL,D1
9,2017,12,76.92308,OPL,D1
9,2018,1,0.0,OPL,D1
9,2018,2,0.0,OPL,D1
9,2018,3,0.0,OPL,D1
9,2018,4,0.0,OPL,D1
9,2018,5,0.0,OPL,D1
9,2018,6,0.0,OPL,D1
9,2018,7,0.0,OPL,D1
9,2018,8,0.0,OPL,D1
9,2018,9,0.0,OPL,D1
9,2018,10,0.0,OPL,D1
9,2018,11,0.0,OPL,D1
9,2018,12,0.0,OPL,D1
9,2019,1,0.0,OPL,D1
9,2019,2,0.0,OPL,D1
9,2019,3,7.692308,OPL,D1
9,2019,4,7.692308,OPL,D1
9,2019,5,84.61539,OPL,D1
9,2019,6,84.61539,OPL,D1
9,2019,7,61.538464,OPL,D1
9,2019,8,100.0,OPL,D1
9,2019,9,92.30769,OPL,D1
9,2019,10,46.153847,OPL,D1
9,2019,11,0.0,OPL,D1
9,2019,12,0.0,OPL,D1
9,2020,1,0.0,OPL,D1
9,2020,2,0.0,OPL,D1
9,2020,3,23.076923,OPL,D1
9,2020,4,69.230774,OPL,D1
9,2020,5,0.0,OPL,D1
9,2020,6,0.0,OPL,D1
9,2020,7,7.692308,OPL,D1
9,2020,8,0.0,OPL,D1
9,2020,9,0.0,OPL,D1
9,2020,10,0.0,OPL,D1
9,2020,11,0.0,OPL,D1
9,2020,12,23.076923,OPL,D1
10,2016,1,66.481995,OPL,D1
10,2016,2,65.15464,OPL,D1
10,2016,3,27.874565,OPL,D1
10,2016,4,53.832752,OPL,D1
10,2016,5,34.66899,OPL,D1
10,2016,6,23.170732,OPL,D1
10,2016,7,8.885017,OPL,D1
10,2016,8,3.1358886,OPL,D1
10,2016,9,3.4843206,OPL,D1
10,2016,10,0.34843206,OPL,D1
10,2016,11,0.0,OPL,D1
10,2016,12,0.0,OPL,D1
10,2017,1,0.34843206,OPL,D1
10,2017,2,0.87108016,OPL,D1
10,2017,3,0.0,OPL,D1
10,2017,4,6.6202087,OPL,D1
10,2017,5,13.58885,OPL,D1
10,2017,6,23.69338,OPL,D1
10,2017,7,26.480835,OPL,D1
10,2017,8,23.519165,OPL,D1
10,2017,9,31.18467,OPL,D1
10,2017,10,25.783972,OPL,D1
10,2017,11,77.52613,OPL,D1
10,2017,12,29.965157,OPL,D1
10,2018,1,18.81533,OPL,D1
10,2018,2,12.195122,OPL,D1
10,2018,3,0.0,OPL,D1
10,2018,4,0.0,OPL,D1
10,2018,5,0.0,OPL,D1
10,2018,6,0.0,OPL,D1
10,2018,7,1.2195121,OPL,D1
10,2018,8,3.1358886,OPL,D1
10,2018,9,3.3101044,OPL,D1
10,2018,10,1.7421603,OPL,D1
10,2018,11,0.6968641,OPL,D1
10,2018,12,1.3937283,OPL,D1
10,2019,1,1.7421603,OPL,D1
10,2019,2,10.104529,OPL,D1
10,2019,3,1.0452962,OPL,D1
10,2019,4,4.8780484,OPL,D1
10,2019,5,17.073172,OPL,D1
10,2019,6,41.2892,OPL,D1
10,2019,7,47.73519,OPL,D1
10,2019,8,59.05923,OPL,D1
10,2019,9,39.024387,OPL,D1
10,2019,10,46.341465,OPL,D1
10,2019,11,20.209059,OPL,D1
10,2019,12,43.55401,OPL,D1
10,2020,1,37.28223,OPL,D1
10,2020,2,25.773195,OPL,D1
10,2020,3,71.08014,OPL,D1
10,2020,4,34.66899,OPL,D1
10,2020,5,34.66899,OPL,D1
10,2020,6,11.84669,OPL,D1
10,2020,7,15.679443,OPL,D1
10,2020,8,11.149826,OPL,D1
10,2020,9,22.996515,OPL,D1
10,2020,10,25.783972,OPL,D1
10,2020,11,1.5679443,OPL,D1
10,2020,12,25.087109,OPL,D1
12,2016,1,86.03604,OPL,D1
12,2016,2,88.07829,OPL,D1
12,2016,3,6.0337176,OPL,D1
12,2016,4,8.961846,OPL,D1
12,2016,5,0.1774623,OPL,D1
12,2016,6,0.0,OPL,D1
12,2016,7,0.1774623,OPL,D1
12,2016,8,7.1872225,OPL,D1
12,2016,9,17.12511,OPL,D1
12,2016,10,7.808341,OPL,D1
12,2016,11,0.0,OPL,D1
12,2016,12,0.0,OPL,D1
12,2017,1,0.0,OPL,D1
12,2017,2,0.0,OPL,D1
12,2017,3,0.0,OPL,D1
12,2017,4,21.827862,OPL,D1
12,2017,5,30.878439,OPL,D1
12,2017,6,49.24579,OPL,D1
12,2017,7,58.562553,OPL,D1
12,2017,8,11.889974,OPL,D1
12,2017,9,16.858917,OPL,D1
12,2017,10,45.962734,OPL,D1
12,2017,11,97.426796,OPL,D1
12,2017,12,29.103815,OPL,D1
12,2018,1,6.921029,OPL,D1
12,2018,2,0.08873115,OPL,D1
12,2018,3,0.0,OPL,D1
12,2018,4,0.0,OPL,D1
12,2018,5,0.0,OPL,D1
12,2018,6,0.1774623,OPL,D1
12,2018,7,6.388643,OPL,D1
12,2018,8,43.212067,OPL,D1
12,2018,9,20.230701,OPL,D1
12,2018,10,0.1774623,OPL,D1
12,2018,11,0.0,OPL,D1
12,2018,12,0.0,OPL,D1
12,2019,1,0.0,OPL,D1
12,2019,2,0.1774623,OPL,D1
12,2019,3,5.590062,OPL,D1
12,2019,4,18.189884,OPL,D1
12,2019,5,54.658382,OPL,D1
12,2019,6,48.713398,OPL,D1
12,2019,7,20.05324,OPL,D1
12,2019,8,26.175686,OPL,D1
12,2019,9,22.005323,OPL,D1
12,2019,10,39.041702,OPL,D1
12,2019,11,0.0,OPL,D1
12,2019,12,25.998226,OPL,D1
12,2020,1,25.288376,OPL,D1
12,2020,2,11.921708,OPL,D1
12,2020,3,88.37622,OPL,D1
12,2020,4,51.02041,OPL,D1
12,2020,5,14.285715,OPL,D1
12,2020,6,1.8633541,OPL,D1
12,2020,7,14.818101,OPL,D1
12,2020,8,11.5350485,OPL,D1
12,2020,9,23.779947,OPL,D1
12,2020,10,7.0097604,OPL,D1
12,2020,11,2.573203,OPL,D1
12,2020,12,44.897957,OPL,D1
13,2016,1,73.333336,OPL,D1
13,2016,2,60.000004,OPL,D1
13,2016,3,11.965812,OPL,D1
13,2016,4,24.786325,OPL,D1
13,2016,5,18.80342,OPL,D1
13,2016,6,16.239317,OPL,D1
13,2016,7,20.512821,OPL,D1
13,2016,8,22.222223,OPL,D1
13,2016,9,20.512821,OPL,D1
13,2016,10,12.820514,OPL,D1
13,2016,11,7.692308,OPL,D1
13,2016,12,5.1282053,OPL,D1
13,2017,1,2.5641026,OPL,D1
13,2017,2,0.0,OPL,D1
13,2017,3,0.0,OPL,D1
13,2017,4,1.7094018,OPL,D1
13,2017,5,8.5470085,OPL,D1
13,2017,6,4.2735043,OPL,D1
13,2017,7,6.8376074,OPL,D1
13,2017,8,7.692308,OPL,D1
13,2017,9,11.111112,OPL,D1
13,2017,10,11.111112,OPL,D1
13,2017,11,39.31624,OPL,D1
13,2017,12,26.495728,OPL,D1
13,2018,1,12.820514,OPL,D1
13,2018,2,5.1282053,OPL,D1
13,2018,3,7.692308,OPL,D1
13,2018,4,8.5470085,OPL,D1
13,2018,5,7.692308,OPL,D1
13,2018,6,7.692308,OPL,D1
13,2018,7,7.692308,OPL,D1
13,2018,8,7.692308,OPL,D1
13,2018,9,0.0,OPL,D1
13,2018,10,0.0,OPL,D1
13,2018,11,0.0,OPL,D1
13,2018,12,0.0,OPL,D1
13,2019,1,0.0,OPL,D1
13,2019,2,17.948719,OPL,D1
13,2019,3,0.0,OPL,D1
13,2019,4,3.4188037,OPL,D1
13,2019,5,6.8376074,OPL,D1
13,2019,6,13.675215,OPL,D1
13,2019,7,8.5470085,OPL,D1
13,2019,8,6.8376074,OPL,D1
13,2019,9,3.4188037,OPL,D1
13,2019,10,9.40171,OPL,D1
13,2019,11,5.1282053,OPL,D1
13,2019,12,8.5470085,OPL,D1
13,2020,1,37.60684,OPL,D1
13,2020,2,34.736843,OPL,D1
13,2020,3,80.34188,OPL,D1
13,2020,4,61.538464,OPL,D1
13,2020,5,58.11966,OPL,D1
13,2020,6,58.11966,OPL,D1
13,2020,7,56.41026,OPL,D1
13,2020,8,55.555557,OPL,D1
13,2020,9,64.95727,OPL,D1
13,2020,10,66.66667,OPL,D1
13,2020,11,47.863247,OPL,D1
13,2020,12,59.829063,OPL,D1
14,2016,1,,OPL,D1
14,2016,2,100.0,OPL,D1
14,2016,3,0.0,OPL,D1
14,2016,4,0.0,OPL,D1
14,2016,5,0.0,OPL,D1
14,2016,6,0.0,OPL,D1
14,2016,7,0.0,OPL,D1
14,2016,8,0.0,OPL,D1
14,2016,9,0.0,OPL,D1
14,2016,10,0.0,OPL,D1
14,2016,11,0.0,OPL,D1
14,2016,12,0.0,OPL,D1
14,2017,1,0.0,OPL,D1
14,2017,2,0.0,OPL,D1
14,2017,3,0.0,OPL,D1
14,2017,4,0.0,OPL,D1
14,2017,5,0.0,OPL,D1
14,2017,6,0.0,OPL,D1
14,2017,7,0.0,OPL,D1
14,2017,8,0.0,OPL,D1
14,2017,9,0.0,OPL,D1
14,2017,10,100.0,OPL,D1
14,2017,11,100.0,OPL,D1
14,2017,12,0.0,OPL,D1
14,2018,1,0.0,OPL,D1
14,2018,2,0.0,OPL,D1
14,2018,3,0.0,OPL,D1
14,2018,4,0.0,OPL,D1
14,2018,5,0.0,OPL,D1
14,2018,6,0.0,OPL,D1
14,2018,7,0.0,OPL,D1
14,2018,8,0.0,OPL,D1
14,2018,9,0.0,OPL,D1
14,2018,10,0.0,OPL,D1
14,2018,11,0.0,OPL,D1
14,2018,12,0.0,OPL,D1
14,2019,1,0.0,OPL,D1
14,2019,2,0.0,OPL,D1
14,2019,3,0.0,OPL,D1
14,2019,4,0.0,OPL,D1
14,2019,5,0.0,OPL,D1
14,2019,6,0.0,OPL,D1
14,2019,7,0.0,OPL,D1
14,2019,8,100.0,OPL,D1
14,2019,9,100.0,OPL,D1
14,2019,10,0.0,OPL,D1
14,2019,11,0.0,OPL,D1
14,2019,12,0.0,OPL,D1
14,2020,1,100.0,OPL,D1
14,2020,2,0.0,OPL,D1
14,2020,3,100.0,OPL,D1
14,2020,4,100.0,OPL,D1
14,2020,5,100.0,OPL,D1
14,2020,6,100.0,OPL,D1
14,2020,7,100.0,OPL,D1
14,2020,8,0.0,OPL,D1
14,2020,9,0.0,OPL,D1
14,2020,10,0.0,OPL,D1
14,2020,11,0.0,OPL,D1
14,2020,12,100.0,OPL,D1
16,2016,1,24.023338,OPL,D1
16,2016,2,12.303245,OPL,D1
16,2016,3,13.101797,OPL,D1
16,2016,4,26.562876,OPL,D1
16,2016,5,14.598802,OPL,D1
16,2016,6,27.36527,OPL,D1
16,2016,7,18.706587,OPL,D1
16,2016,8,23.209581,OPL,D1
16,2016,9,13.700599,OPL,D1
16,2016,10,14.682634,OPL,D1
16,2016,11,0.2275449,OPL,D1
16,2016,12,0.0,OPL,D1
16,2017,1,0.14371258,OPL,D1
16,2017,2,0.6227545,OPL,D1
16,2017,3,4.718563,OPL,D1
16,2017,4,15.94012,OPL,D1
16,2017,5,16.898203,OPL,D1
16,2017,6,4.946108,OPL,D1
16,2017,7,5.3652697,OPL,D1
16,2017,8,6.287425,OPL,D1
16,2017,9,25.58084,OPL,D1
16,2017,10,8.826347,OPL,D1
16,2017,11,31.568861,OPL,D1
16,2017,12,25.976048,OPL,D1
16,2018,1,11.844312,OPL,D1
16,2018,2,3.3053894,OPL,D1
16,2018,3,5.377246,OPL,D1
16,2018,4,29.209581,OPL,D1
16,2018,5,10.862275,OPL,D1
16,2018,6,13.712575,OPL,D1
16,2018,7,20.27545,OPL,D1
16,2018,8,4.706587,OPL,D1
16,2018,9,0.0,OPL,D1
16,2018,10,0.99401194,OPL,D1
16,2018,11,0.0,OPL,D1
16,2018,12,1.0778443,OPL,D1
16,2019,1,11.556886,OPL,D1
16,2019,2,36.73054,OPL,D1
16,2019,3,24.586826,OPL,D1
16,2019,4,0.9820359,OPL,D1
16,2019,5,22.898203,OPL,D1
16,2019,6,17.712576,OPL,D1
16,2019,7,22.0,OPL,D1
16,2019,8,20.526945,OPL,D1
16,2019,9,6.3592815,OPL,D1
16,2019,10,27.32934,OPL,D1
16,2019,11,42.778442,OPL,D1
16,2019,12,42.0479,OPL,D1
16,2020,1,65.11377,OPL,D1
16,2020,2,67.282364,OPL,D1
16,2020,3,52.21557,OPL,D1
16,2020,4,27.30539,OPL,D1
16,2020,5,34.742516,OPL,D1
16,2020,6,36.263474,OPL,D1
16,2020,7,33.652695,OPL,D1
16,2020,8,45.269463,OPL,D1
16,2020,9,54.35928,OPL,D1
16,2020,10,48.167664,OPL,D1
16,2020,11,25.425152,OPL,D1
16,2020,12,30.898205,OPL,D1
1,2016,1,93.333336,OPL,D2
1,2016,2,70.0,OPL,D2
1,2016,3,0.0,OPL,D2
1,2016,4,50.0,OPL,D2
1,2016,5,27.272728,OPL,D2
1,2016,6,36.363636,OPL,D2
1,2016,7,31.818182,OPL,D2
1,2016,8,50.0,OPL,D2
1,2016,9,63.636364,OPL,D2
1,2016,10,22.727274,OPL,D2
1,2016,11,0.0,OPL,D2
1,2016,12,0.0,OPL,D2
1,2017,1,0.0,OPL,D2
1,2017,2,0.0,OPL,D2
1,2017,3,0.0,OPL,D2
1,2017,4,9.090909,OPL,D2
1,2017,5,31.818182,OPL,D2
1,2017,6,18.181818,OPL,D2
1,2017,7,31.818182,OPL,D2
1,2017,8,22.727274,OPL,D2
1,2017,9,0.0,OPL,D2
1,2017,10,9.090909,OPL,D2
1,2017,11,63.636364,OPL,D2
1,2017,12,18.181818,OPL,D2
1,2018,1,0.0,OPL,D2
1,2018,2,0.0,OPL,D2
1,2018,3,0.0,OPL,D2
1,2018,4,0.0,OPL,D2
1,2018,5,0.0,OPL,D2
1,2018,6,0.0,OPL,D2
1,2018,7,0.0,OPL,D2
1,2018,8,0.0,OPL,D2
1,2018,9,0.0,OPL,D2
1,2018,10,0.0,OPL,D2
1,2018,11,0.0,OPL,D2
1,2018,12,0.0,OPL,D2
1,2019,1,0.0,OPL,D2
1,2019,2,0.0,OPL,D2
1,2019,3,0.0,OPL,D2
1,2019,4,13.636364,OPL,D2
1,2019,5,9.090909,OPL,D2
1,2019,6,13.636364,OPL,D2
1,2019,7,0.0,OPL,D2
1,2019,8,0.0,OPL,D2
1,2019,9,0.0,OPL,D2
1,2019,10,22.727274,OPL,D2
1,2019,11,13.636364,OPL,D2
1,2019,12,18.181818,OPL,D2
1,2020,1,4.5454545,OPL,D2
1,2020,2,30.000002,OPL,D2
1,2020,3,100.0,OPL,D2
1,2020,4,27.272728,OPL,D2
1,2020,5,31.818182,OPL,D2
1,2020,6,31.818182,OPL,D2
1,2020,7,36.363636,OPL,D2
1,2020,8,27.272728,OPL,D2
1,2020,9,36.363636,OPL,D2
1,2020,10,45.454548,OPL,D2
1,2020,11,22.727274,OPL,D2
1,2020,12,63.636364,OPL,D2
2,2016,1,100.0,OPL,D2
2,2016,2,75.0,OPL,D2
2,2016,3,0.0,OPL,D2
2,2016,4,100.0,OPL,D2
2,2016,5,0.0,OPL,D2
2,2016,6,0.0,OPL,D2
2,2016,7,25.0,OPL,D2
2,2016,8,25.0,OPL,D2
2,2016,9,37.5,OPL,D2
2,2016,10,0.0,OPL,D2
2,2016,11,0.0,OPL,D2
2,2016,12,0.0,OPL,D2
2,2017,1,0.0,OPL,D2
2,2017,2,0.0,OPL,D2
2,2017,3,0.0,OPL,D2
2,2017,4,0.0,OPL,D2
2,2017,5,0.0,OPL,D2
2,2017,6,0.0,OPL,D2
2,2017,7,0.0,OPL,D2
2,2017,8,0.0,OPL,D2
2,2017,9,0.0,OPL,D2
2,2017,10,0.0,OPL,D2
2,2017,11,100.0,OPL,D2
2,2017,12,100.0,OPL,D2
2,2018,1,0.0,OPL,D2
2,2018,2,0.0,OPL,D2
2,2018,3,0.0,OPL,D2
2,2018,4,0.0,OPL,D2
2,2018,5,0.0,OPL,D2
2,2018,6,0.0,OPL,D2
2,2018,7,0.0,OPL,D2
2,2018,8,0.0,OPL,D2
2,2018,9,0.0,OPL,D2
2,2018,10,0.0,OPL,D2
2,2018,11,0.0,OPL,D2
2,2018,12,0.0,OPL,D2
2,2019,1,0.0,OPL,D2
2,2019,2,0.0,OPL,D2
2,2019,3,0.0,OPL,D2
2,2019,4,0.0,OPL,D2
2,2019,5,100.0,OPL,D2
2,2019,6,100.0,OPL,D2
2,2019,7,75.0,OPL,D2
2,2019,8,75.0,OPL,D2
2,2019,9,62.5,OPL,D2
2,2019,10,100.0,OPL,D2
2,2019,11,0.0,OPL,D2
2,2019,12,0.0,OPL,D2
2,2020,1,0.0,OPL,D2
2,2020,2,25.0,OPL,D2
2,2020,3,100.0,OPL,D2
2,2020,4,0.0,OPL,D2
2,2020,5,0.0,OPL,D2
2,2020,6,0.0,OPL,D2
2,2020,7,0.0,OPL,D2
2,2020,8,0.0,OPL,D2
2,2020,9,0.0,OPL,D2
2,2020,10,0.0,OPL,D2
2,2020,11,0.0,OPL,D2
2,2020,12,0.0,OPL,D2
3,2016,1,100.0,OPL,D2
3,2016,2,100.0,OPL,D2
3,2016,3,0.0,OPL,D2
3,2016,4,0.0,OPL,D2
3,2016,5,0.0,OPL,D2
3,2016,6,0.0,OPL,D2
3,2016,7,50.0,OPL,D2
3,2016,8,100.0,OPL,D2
3,2016,9,0.0,OPL,D2
3,2016,10,0.0,OPL,D2
3,2016,11,0.0,OPL,D2
3,2016,12,0.0,OPL,D2
3,2017,1,0.0,OPL,D2
3,2017,2,0.0,OPL,D2
3,2017,3,0.0,OPL,D2
3,2017,4,0.0,OPL,D2
3,2017,5,0.0,OPL,D2
3,2017,6,0.0,OPL,D2
3,2017,7,0.0,OPL,D2
3,2017,8,0.0,OPL,D2
3,2017,9,0.0,OPL,D2
3,2017,10,0.0,OPL,D2
3,2017,11,100.0,OPL,D2
3,2017,12,0.0,OPL,D2
3,2018,1,0.0,OPL,D2
3,2018,2,0.0,OPL,D2
3,2018,3,0.0,OPL,D2
3,2018,4,0.0,OPL,D2
3,2018,5,0.0,OPL,D2
3,2018,6,0.0,OPL,D2
3,2018,7,0.0,OPL,D2
3,2018,8,0.0,OPL,D2
3,2018,9,0.0,OPL,D2
3,2018,10,0.0,OPL,D2
3,2018,11,0.0,OPL,D2
3,2018,12,0.0,OPL,D2
3,2019,1,0.0,OPL,D2
3,2019,2,0.0,OPL,D2
3,2019,3,0.0,OPL,D2
3,2019,4,0.0,OPL,D2
3,2019,5,0.0,OPL,D2
3,2019,6,0.0,OPL,D2
3,2019,7,0.0,OPL,D2
3,2019,8,0.0,OPL,D2
3,2019,9,0.0,OPL,D2
3,2019,10,0.0,OPL,D2
3,2019,11,0.0,OPL,D2
3,2019,12,0.0,OPL,D2
3,2020,1,0.0,OPL,D2
3,2020,2,0.0,OPL,D2
3,2020,3,100.0,OPL,D2
3,2020,4,100.0,OPL,D2
3,2020,5,100.0,OPL,D2
3,2020,6,100.0,OPL,D2
3,2020,7,50.0,OPL,D2
3,2020,8,0.0,OPL,D2
3,2020,9,100.0,OPL,D2
3,2020,10,100.0,OPL,D2
3,2020,11,0.0,OPL,D2
3,2020,12,100.0,OPL,D2
5,2016,1,86.36364,OPL,D2
5,2016,2,75.675674,OPL,D2
5,2016,3,2.7027028,OPL,D2
5,2016,4,72.97297,OPL,D2
5,2016,5,62.162163,OPL,D2
5,2016,6,43.243244,OPL,D2
5,2016,7,56.75676,OPL,D2
5,2016,8,59.45946,OPL,D2
5,2016,9,64.86486,OPL,D2
5,2016,10,2.7027028,OPL,D2
5,2016,11,0.0,OPL,D2
5,2016,12,0.0,OPL,D2
5,2017,1,0.0,OPL,D2
5,2017,2,0.0,OPL,D2
5,2017,3,0.0,OPL,D2
5,2017,4,16.216215,OPL,D2
5,2017,5,27.027025,OPL,D2
5,2017,6,43.243244,OPL,D2
5,2017,7,37.837837,OPL,D2
5,2017,8,27.027025,OPL,D2
5,2017,9,21.621622,OPL,D2
5,2017,10,21.621622,OPL,D2
5,2017,11,94.59459,OPL,D2
5,2017,12,32.43243,OPL,D2
5,2018,1,0.0,OPL,D2
5,2018,2,0.0,OPL,D2
5,2018,3,0.0,OPL,D2
5,2018,4,0.0,OPL,D2
5,2018,5,0.0,OPL,D2
5,2018,6,0.0,OPL,D2
5,2018,7,0.0,OPL,D2
5,2018,8,0.0,OPL,D2
5,2018,9,0.0,OPL,D2
5,2018,10,0.0,OPL,D2
5,2018,11,0.0,OPL,D2
5,2018,12,0.0,OPL,D2
5,2019,1,0.0,OPL,D2
5,2019,2,0.0,OPL,D2
5,2019,3,5.4054055,OPL,D2
5,2019,4,5.4054055,OPL,D2
5,2019,5,5.4054055,OPL,D2
5,2019,6,13.513513,OPL,D2
5,2019,7,5.4054055,OPL,D2
5,2019,8,13.513513,OPL,D2
5,2019,9,10.810811,OPL,D2
5,2019,10,72.97297,OPL,D2
5,2019,11,2.7027028,OPL,D2
5,2019,12,8.108108,OPL,D2
5,2020,1,8.108108,OPL,D2
5,2020,2,24.324326,OPL,D2
5,2020,3,91.89189,OPL,D2
5,2020,4,5.4054055,OPL,D2
5,2020,5,5.4054055,OPL,D2
5,2020,6,0.0,OPL,D2
5,2020,7,0.0,OPL,D2
5,2020,8,0.0,OPL,D2
5,2020,9,2.7027028,OPL,D2
5,2020,10,2.7027028,OPL,D2
5,2020,11,2.7027028,OPL,D2
5,2020,12,59.45946,OPL,D2
6,2016,1,72.22222,OPL,D2
6,2016,2,55.88235,OPL,D2
6,2016,3,14.814815,OPL,D2
6,2016,4,55.555557,OPL,D2
6,2016,5,29.62963,OPL,D2
6,2016,6,3.7037036,OPL,D2
6,2016,7,1.8518518,OPL,D2
6,2016,8,3.7037036,OPL,D2
6,2016,9,12.962963,OPL,D2
6,2016,10,0.0,OPL,D2
6,2016,11,0.0,OPL,D2
6,2016,12,0.0,OPL,D2
6,2017,1,0.0,OPL,D2
6,2017,2,0.0,OPL,D2
6,2017,3,0.0,OPL,D2
6,2017,4,3.7037036,OPL,D2
6,2017,5,16.666668,OPL,D2
6,2017,6,46.296295,OPL,D2
6,2017,7,66.66667,OPL,D2
6,2017,8,64.81481,OPL,D2
6,2017,9,68.51852,OPL,D2
6,2017,10,51.851852,OPL,D2
6,2017,11,75.92593,OPL,D2
6,2017,12,9.259259,OPL,D2
6,2018,1,1.8518518,OPL,D2
6,2018,2,0.0,OPL,D2
6,2018,3,0.0,OPL,D2
6,2018,4,0.0,OPL,D2
6,2018,5,0.0,OPL,D2
6,2018,6,0.0,OPL,D2
6,2018,7,0.0,OPL,D2
6,2018,8,0.0,OPL,D2
6,2018,9,0.0,OPL,D2
6,2018,10,0.0,OPL,D2
6,2018,11,0.0,OPL,D2
6,2018,12,0.0,OPL,D2
6,2019,1,0.0,OPL,D2
6,2019,2,0.0,OPL,D2
6,2019,3,1.8518518,OPL,D2
6,2019,4,5.555556,OPL,D2
6,2019,5,18.518518,OPL,D2
6,2019,6,37.037037,OPL,D2
6,2019,7,31.48148,OPL,D2
6,2019,8,31.48148,OPL,D2
6,2019,9,16.666668,OPL,D2
6,2019,10,42.592594,OPL,D2
6,2019,11,24.074074,OPL,D2
6,2019,12,77.77778,OPL,D2
6,2020,1,7.4074073,OPL,D2
6,2020,2,44.11765,OPL,D2
6,2020,3,83.33333,OPL,D2
6,2020,4,35.185184,OPL,D2
6,2020,5,35.185184,OPL,D2
6,2020,6,12.962963,OPL,D2
6,2020,7,0.0,OPL,D2
6,2020,8,0.0,OPL,D2
6,2020,9,1.8518518,OPL,D2
6,2020,10,5.555556,OPL,D2
6,2020,11,0.0,OPL,D2
6,2020,12,12.962963,OPL,D2
7,2016,1,65.5746,OPL,D2
7,2016,2,67.79827,OPL,D2
7,2016,3,30.766502,OPL,D2
7,2016,4,45.244854,OPL,D2
7,2016,5,21.202982,OPL,D2
7,2016,6,9.687721,OPL,D2
7,2016,7,2.0936835,OPL,D2
7,2016,8,1.2242725,OPL,D2
7,2016,9,5.287438,OPL,D2
7,2016,10,1.3662171,OPL,D2
7,2016,11,0.5677786,OPL,D2
7,2016,12,0.0,OPL,D2
7,2017,1,0.0,OPL,D2
7,2017,2,0.01774308,OPL,D2
7,2017,3,0.0,OPL,D2
7,2017,4,8.836054,OPL,D2
7,2017,5,42.26402,OPL,D2
7,2017,6,46.965935,OPL,D2
7,2017,7,58.356987,OPL,D2
7,2017,8,52.377575,OPL,D2
7,2017,9,42.77857,OPL,D2
7,2017,10,40.56068,OPL,D2
7,2017,11,74.48545,OPL,D2
7,2017,12,31.298792,OPL,D2
7,2018,1,9.244144,OPL,D2
7,2018,2,2.448545,OPL,D2
7,2018,3,0.088715404,OPL,D2
7,2018,4,0.124201566,OPL,D2
7,2018,5,0.0,OPL,D2
7,2018,6,0.5677786,OPL,D2
7,2018,7,4.808375,OPL,D2
7,2018,8,6.7068844,OPL,D2
7,2018,9,7.4166074,OPL,D2
7,2018,10,3.7615328,OPL,D2
7,2018,11,1.3307309,OPL,D2
7,2018,12,2.9630945,OPL,D2
7,2019,1,0.07097232,OPL,D2
7,2019,2,0.19517389,OPL,D2
7,2019,3,12.916963,OPL,D2
7,2019,4,18.754436,OPL,D2
7,2019,5,28.193754,OPL,D2
7,2019,6,39.833214,OPL,D2
7,2019,7,33.10859,OPL,D2
7,2019,8,37.970192,OPL,D2
7,2019,9,35.379704,OPL,D2
7,2019,10,35.734566,OPL,D2
7,2019,11,10.876508,OPL,D2
7,2019,12,40.400993,OPL,D2
7,2020,1,14.92193,OPL,D2
7,2020,2,29.258242,OPL,D2
7,2020,3,56.22782,OPL,D2
7,2020,4,27.040455,OPL,D2
7,2020,5,8.339248,OPL,D2
7,2020,6,2.9453511,OPL,D2
7,2020,7,1.6323633,OPL,D2
7,2020,8,1.7210788,OPL,D2
7,2020,9,9.137687,OPL,D2
7,2020,10,18.577005,OPL,D2
7,2020,11,12.7395315,OPL,D2
7,2020,12,25.337118,OPL,D2
8,2016,1,91.54929,OPL,D2
8,2016,2,89.88764,OPL,D2
8,2016,3,8.988764,OPL,D2
8,2016,4,35.955055,OPL,D2
8,2016,5,5.6179776,OPL,D2
8,2016,6,0.0,OPL,D2
8,2016,7,2.247191,OPL,D2
8,2016,8,3.3707864,OPL,D2
8,2016,9,3.3707864,OPL,D2
8,2016,10,0.0,OPL,D2
8,2016,11,0.0,OPL,D2
8,2016,12,0.0,OPL,D2
8,2017,1,0.0,OPL,D2
8,2017,2,0.0,OPL,D2
8,2017,3,0.0,OPL,D2
8,2017,4,49.4382,OPL,D2
8,2017,5,56.179775,OPL,D2
8,2017,6,68.53933,OPL,D2
8,2017,7,84.26966,OPL,D2
8,2017,8,35.955055,OPL,D2
8,2017,9,21.348314,OPL,D2
8,2017,10,17.977528,OPL,D2
8,2017,11,98.8764,OPL,D2
8,2017,12,68.53933,OPL,D2
8,2018,1,0.0,OPL,D2
8,2018,2,0.0,OPL,D2
8,2018,3,0.0,OPL,D2
8,2018,4,0.0,OPL,D2
8,2018,5,0.0,OPL,D2
8,2018,6,0.0,OPL,D2
8,2018,7,0.0,OPL,D2
8,2018,8,0.0,OPL,D2
8,2018,9,0.0,OPL,D2
8,2018,10,0.0,OPL,D2
8,2018,11,0.0,OPL,D2
8,2018,12,0.0,OPL,D2
8,2019,1,0.0,OPL,D2
8,2019,2,0.0,OPL,D2
8,2019,3,4.494382,OPL,D2
8,2019,4,0.0,OPL,D2
8,2019,5,37.07865,OPL,D2
8,2019,6,31.460676,OPL,D2
8,2019,7,13.483146,OPL,D2
8,2019,8,60.674156,OPL,D2
8,2019,9,73.03371,OPL,D2
8,2019,10,77.52809,OPL,D2
8,2019,11,1.1235955,OPL,D2
8,2019,12,8.988764,OPL,D2
8,2020,1,6.741573,OPL,D2
8,2020,2,10.112359,OPL,D2
8,2020,3,86.51685,OPL,D2
8,2020,4,14.606741,OPL,D2
8,2020,5,1.1235955,OPL,D2
8,2020,6,0.0,OPL,D2
8,2020,7,0.0,OPL,D2
8,2020,8,0.0,OPL,D2
8,2020,9,2.247191,OPL,D2
8,2020,10,4.494382,OPL,D2
8,2020,11,0.0,OPL,D2
8,2020,12,22.47191,OPL,D2
9,2016,1,100.0,OPL,D2
9,2016,2,100.0,OPL,D2
9,2016,3,69.230774,OPL,D2
9,2016,4,15.384616,OPL,D2
9,2016,5,7.692308,OPL,D2
9,2016,6,0.0,OPL,D2
9,2016,7,0.0,OPL,D2
9,2016,8,0.0,OPL,D2
9,2016,9,0.0,OPL,D2
9,2016,10,0.0,OPL,D2
9,2016,11,0.0,OPL,D2
9,2016,12,0.0,OPL,D2
9,2017,1,0.0,OPL,D2
9,2017,2,0.0,OPL,D2
9,2017,3,0.0,OPL,D2
9,2017,4,7.692308,OPL,D2
9,2017,5,7.692308,OPL,D2
9,2017,6,15.384616,OPL,D2
9,2017,7,30.769232,OPL,D2
9,2017,8,0.0,OPL,D2
9,2017,9,7.692308,OPL,D2
9,2017,10,53.846157,OPL,D2
9,2017,11,100.0,OPL,D2
9,2017,12,76.92308,OPL,D2
9,2018,1,0.0,OPL,D2
9,2018,2,0.0,OPL,D2
9,2018,3,0.0,OPL,D2
9,2018,4,0.0,OPL,D2
9,2018,5,0.0,OPL,D2
9,2018,6,0.0,OPL,D2
9,2018,7,0.0,OPL,D2
9,2018,8,0.0,OPL,D2
9,2018,9,0.0,OPL,D2
9,2018,10,0.0,OPL,D2
9,2018,11,0.0,OPL,D2
9,2018,12,0.0,OPL,D2
9,2019,1,0.0,OPL,D2
9,2019,2,0.0,OPL,D2
9,2019,3,7.692308,OPL,D2
9,2019,4,7.692308,OPL,D2
9,2019,5,84.61539,OPL,D2
9,2019,6,84.61539,OPL,D2
9,2019,7,61.538464,OPL,D2
9,2019,8,100.0,OPL,D2
9,2019,9,92.30769,OPL,D2
9,2019,10,46.153847,OPL,D2
9,2019,11,0.0,OPL,D2
9,2019,12,0.0,OPL,D2
9,2020,1,0.0,OPL,D2
9,2020,2,0.0,OPL,D2
9,2020,3,23.076923,OPL,D2
9,2020,4,69.230774,OPL,D2
9,2020,5,0.0,OPL,D2
9,2020,6,0.0,OPL,D2
9,2020,7,7.692308,OPL,D2
9,2020,8,0.0,OPL,D2
9,2020,9,0.0,OPL,D2
9,2020,10,0.0,OPL,D2
9,2020,11,0.0,OPL,D2
9,2020,12,23.076923,OPL,D2
10,2016,1,66.481995,OPL,D2
10,2016,2,65.15464,OPL,D2
10,2016,3,27.874565,OPL,D2
10,2016,4,53.832752,OPL,D2
10,2016,5,34.66899,OPL,D2
10,2016,6,23.170732,OPL,D2
10,2016,7,8.885017,OPL,D2
10,2016,8,3.1358886,OPL,D2
10,2016,9,3.4843206,OPL,D2
10,2016,10,0.34843206,OPL,D2
10,2016,11,0.0,OPL,D2
10,2016,12,0.0,OPL,D2
10,2017,1,0.17421603,OPL,D2
10,2017,2,0.5226481,OPL,D2
10,2017,3,0.0,OPL,D2
10,2017,4,6.6202087,OPL,D2
10,2017,5,13.58885,OPL,D2
10,2017,6,23.69338,OPL,D2
10,2017,7,26.480835,OPL,D2
10,2017,8,23.519165,OPL,D2
10,2017,9,31.18467,OPL,D2
10,2017,10,25.783972,OPL,D2
10,2017,11,77.52613,OPL,D2
10,2017,12,29.965157,OPL,D2
10,2018,1,10.8013935,OPL,D2
10,2018,2,6.9686413,OPL,D2
10,2018,3,0.0,OPL,D2
10,2018,4,0.0,OPL,D2
10,2018,5,0.0,OPL,D2
10,2018,6,0.0,OPL,D2
10,2018,7,1.2195121,OPL,D2
10,2018,8,3.1358886,OPL,D2
10,2018,9,3.3101044,OPL,D2
10,2018,10,1.7421603,OPL,D2
10,2018,11,0.6968641,OPL,D2
10,2018,12,1.3937283,OPL,D2
10,2019,1,0.17421603,OPL,D2
10,2019,2,0.17421603,OPL,D2
10,2019,3,1.0452962,OPL,D2
10,2019,4,4.8780484,OPL,D2
10,2019,5,17.073172,OPL,D2
10,2019,6,41.2892,OPL,D2
10,2019,7,47.73519,OPL,D2
10,2019,8,59.05923,OPL,D2
10,2019,9,39.024387,OPL,D2
10,2019,10,46.341465,OPL,D2
10,2019,11,20.209059,OPL,D2
10,2019,12,43.55401,OPL,D2
10,2020,1,9.930313,OPL,D2
10,2020,2,25.773195,OPL,D2
10,2020,3,71.08014,OPL,D2
10,2020,4,34.66899,OPL,D2
10,2020,5,34.66899,OPL,D2
10,2020,6,11.84669,OPL,D2
10,2020,7,15.679443,OPL,D2
10,2020,8,11.149826,OPL,D2
10,2020,9,22.996515,OPL,D2
10,2020,10,25.783972,OPL,D2
10,2020,11,1.5679443,OPL,D2
10,2020,12,25.087109,OPL,D2
12,2016,1,86.03604,OPL,D2
12,2016,2,88.07829,OPL,D2
12,2016,3,6.0337176,OPL,D2
12,2016,4,8.961846,OPL,D2
12,2016,5,0.1774623,OPL,D2
12,2016,6,0.0,OPL,D2
12,2016,7,0.1774623,OPL,D2
12,2016,8,7.1872225,OPL,D2
12,2016,9,17.12511,OPL,D2
12,2016,10,7.808341,OPL,D2
12,2016,11,0.0,OPL,D2
12,2016,12,0.0,OPL,D2
12,2017,1,0.0,OPL,D2
12,2017,2,0.0,OPL,D2
12,2017,3,0.0,OPL,D2
12,2017,4,21.827862,OPL,D2
12,2017,5,30.878439,OPL,D2
12,2017,6,49.24579,OPL,D2
12,2017,7,58.562553,OPL,D2
12,2017,8,11.889974,OPL,D2
12,2017,9,16.858917,OPL,D2
12,2017,10,45.962734,OPL,D2
12,2017,11,97.426796,OPL,D2
12,2017,12,29.103815,OPL,D2
12,2018,1,0.0,OPL,D2
12,2018,2,0.0,OPL,D2
12,2018,3,0.0,OPL,D2
12,2018,4,0.0,OPL,D2
12,2018,5,0.0,OPL,D2
12,2018,6,0.1774623,OPL,D2
12,2018,7,6.388643,OPL,D2
12,2018,8,43.212067,OPL,D2
12,2018,9,20.230701,OPL,D2
12,2018,10,0.1774623,OPL,D2
12,2018,11,0.0,OPL,D2
12,2018,12,0.0,OPL,D2
12,2019,1,0.0,OPL,D2
12,2019,2,0.0,OPL,D2
12,2019,3,5.590062,OPL,D2
12,2019,4,18.189884,OPL,D2
12,2019,5,54.658382,OPL,D2
12,2019,6,48.713398,OPL,D2
12,2019,7,20.05324,OPL,D2
12,2019,8,26.175686,OPL,D2
12,2019,9,22.005323,OPL,D2
12,2019,10,39.041702,OPL,D2
12,2019,11,0.0,OPL,D2
12,2019,12,25.998226,OPL,D2
12,2020,1,11.002662,OPL,D2
12,2020,2,11.921708,OPL,D2
12,2020,3,88.37622,OPL,D2
12,2020,4,51.02041,OPL,D2
12,2020,5,14.285715,OPL,D2
12,2020,6,1.8633541,OPL,D2
12,2020,7,14.818101,OPL,D2
12,2020,8,11.5350485,OPL,D2
12,2020,9,23.779947,OPL,D2
12,2020,10,7.0097604,OPL,D2
12,2020,11,2.573203,OPL,D2
12,2020,12,44.897957,OPL,D2
13,2016,1,73.333336,OPL,D2
13,2016,2,60.000004,OPL,D2
13,2016,3,11.965812,OPL,D2
13,2016,4,24.786325,OPL,D2
13,2016,5,18.80342,OPL,D2
13,2016,6,16.239317,OPL,D2
13,2016,7,20.512821,OPL,D2
13,2016,8,22.222223,OPL,D2
13,2016,9,20.512821,OPL,D2
13,2016,10,12.820514,OPL,D2
13,2016,11,7.692308,OPL,D2
13,2016,12,5.1282053,OPL,D2
13,2017,1,0.0,OPL,D2
13,2017,2,0.0,OPL,D2
13,2017,3,0.0,OPL,D2
13,2017,4,1.7094018,OPL,D2
13,2017,5,8.5470085,OPL,D2
13,2017,6,4.2735043,OPL,D2
13,2017,7,6.8376074,OPL,D2
13,2017,8,7.692308,OPL,D2
13,2017,9,11.111112,OPL,D2
13,2017,10,11.111112,OPL,D2
13,2017,11,39.31624,OPL,D2
13,2017,12,26.495728,OPL,D2
13,2018,1,2.5641026,OPL,D2
13,2018,2,3.4188037,OPL,D2
13,2018,3,7.692308,OPL,D2
13,2018,4,8.5470085,OPL,D2
13,2018,5,7.692308,OPL,D2
13,2018,6,7.692308,OPL,D2
13,2018,7,7.692308,OPL,D2
13,2018,8,7.692308,OPL,D2
13,2018,9,0.0,OPL,D2
13,2018,10,0.0,OPL,D2
13,2018,11,0.0,OPL,D2
13,2018,12,0.0,OPL,D2
13,2019,1,0.0,OPL,D2
13,2019,2,0.8547009,OPL,D2
13,2019,3,0.0,OPL,D2
13,2019,4,3.4188037,OPL,D2
13,2019,5,6.8376074,OPL,D2
13,2019,6,13.675215,OPL,D2
13,2019,7,8.5470085,OPL,D2
13,2019,8,6.8376074,OPL,D2
13,2019,9,3.4188037,OPL,D2
13,2019,10,9.40171,OPL,D2
13,2019,11,5.1282053,OPL,D2
13,2019,12,8.5470085,OPL,D2
13,2020,1,14.529915,OPL,D2
13,2020,2,34.736843,OPL,D2
13,2020,3,80.34188,OPL,D2
13,2020,4,61.538464,OPL,D2
13,2020,5,58.11966,OPL,D2
13,2020,6,58.11966,OPL,D2
13,2020,7,56.41026,OPL,D2
13,2020,8,55.555557,OPL,D2
13,2020,9,64.95727,OPL,D2
13,2020,10,66.66667,OPL,D2
13,2020,11,47.863247,OPL,D2
13,2020,12,59.829063,OPL,D2
14,2016,1,,OPL,D2
14,2016,2,100.0,OPL,D2
14,2016,3,0.0,OPL,D2
14,2016,4,0.0,OPL,D2
14,2016,5,0.0,OPL,D2
14,2016,6,0.0,OPL,D2
14,2016,7,0.0,OPL,D2
14,2016,8,0.0,OPL,D2
14,2016,9,0.0,OPL,D2
14,2016,10,0.0,OPL,D2
14,2016,11,0.0,OPL,D2
14,2016,12,0.0,OPL,D2
14,2017,1,0.0,OPL,D2
14,2017,2,0.0,OPL,D2
14,2017,3,0.0,OPL,D2
14,2017,4,0.0,OPL,D2
14,2017,5,0.0,OPL,D2
14,2017,6,0.0,OPL,D2
14,2017,7,0.0,OPL,D2
14,2017,8,0.0,OPL,D2
14,2017,9,0.0,OPL,D2
14,2017,10,100.0,OPL,D2
14,2017,11,100.0,OPL,D2
14,2017,12,0.0,OPL,D2
14,2018,1,0.0,OPL,D2
14,2018,2,0.0,OPL,D2
14,2018,3,0.0,OPL,D2
14,2018,4,0.0,OPL,D2
14,2018,5,0.0,OPL,D2
14,2018,6,0.0,OPL,D2
14,2018,7,0.0,OPL,D2
14,2018,8,0.0,OPL,D2
14,2018,9,0.0,OPL,D2
14,2018,10,0.0,OPL,D2
14,2018,11,0.0,OPL,D2
14,2018,12,0.0,OPL,D2
14,2019,1,0.0,OPL,D2
14,2019,2,0.0,OPL,D2
14,2019,3,0.0,OPL,D2
14,2019,4,0.0,OPL,D2
14,2019,5,0.0,OPL,D2
14,2019,6,0.0,OPL,D2
14,2019,7,0.0,OPL,D2
14,2019,8,100.0,OPL,D2
14,2019,9,100.0,OPL,D2
14,2019,10,0.0,OPL,D2
14,2019,11,0.0,OPL,D2
14,2019,12,0.0,OPL,D2
14,2020,1,0.0,OPL,D2
14,2020,2,0.0,OPL,D2
14,2020,3,100.0,OPL,D2
14,2020,4,100.0,OPL,D2
14,2020,5,100.0,OPL,D2
14,2020,6,100.0,OPL,D2
14,2020,7,100.0,OPL,D2
14,2020,8,0.0,OPL,D2
14,2020,9,0.0,OPL,D2
14,2020,10,0.0,OPL,D2
14,2020,11,0.0,OPL,D2
14,2020,12,100.0,OPL,D2
16,2016,1,24.023338,OPL,D2
16,2016,2,12.303245,OPL,D2
16,2016,3,13.101797,OPL,D2
16,2016,4,26.562876,OPL,D2
16,2016,5,14.598802,OPL,D2
16,2016,6,27.36527,OPL,D2
16,2016,7,18.706587,OPL,D2
16,2016,8,23.209581,OPL,D2
16,2016,9,13.700599,OPL,D2
16,2016,10,14.682634,OPL,D2
16,2016,11,0.2275449,OPL,D2
16,2016,12,0.0,OPL,D2
16,2017,1,0.0,OPL,D2
16,2017,2,0.09580839,OPL,D2
16,2017,3,4.718563,OPL,D2
16,2017,4,15.94012,OPL,D2
16,2017,5,16.898203,OPL,D2
16,2017,6,4.946108,OPL,D2
16,2017,7,5.3652697,OPL,D2
16,2017,8,6.287425,OPL,D2
16,2017,9,25.58084,OPL,D2
16,2017,10,8.826347,OPL,D2
16,2017,11,31.568861,OPL,D2
16,2017,12,25.976048,OPL,D2
16,2018,1,4.191617,OPL,D2
16,2018,2,0.71856284,OPL,D2
16,2018,3,5.377246,OPL,D2
16,2018,4,29.209581,OPL,D2
16,2018,5,10.862275,OPL,D2
16,2018,6,13.712575,OPL,D2
16,2018,7,20.27545,OPL,D2
16,2018,8,4.706587,OPL,D2
16,2018,9,0.0,OPL,D2
16,2018,10,0.99401194,OPL,D2
16,2018,11,0.0,OPL,D2
16,2018,12,1.0778443,OPL,D2
16,2019,1,2.1796408,OPL,D2
16,2019,2,14.4071865,OPL,D2
16,2019,3,24.586826,OPL,D2
16,2019,4,0.9820359,OPL,D2
16,2019,5,22.898203,OPL,D2
16,2019,6,17.712576,OPL,D2
16,2019,7,22.0,OPL,D2
16,2019,8,20.526945,OPL,D2
16,2019,9,6.3592815,OPL,D2
16,2019,10,27.32934,OPL,D2
16,2019,11,42.778442,OPL,D2
16,2019,12,42.0479,OPL,D2
16,2020,1,29.497007,OPL,D2
16,2020,2,67.282364,OPL,D2
16,2020,3,52.21557,OPL,D2
16,2020,4,27.30539,OPL,D2
16,2020,5,34.742516,OPL,D2
16,2020,6,36.263474,OPL,D2
16,2020,7,33.652695,OPL,D2
16,2020,8,45.269463,OPL,D2
16,2020,9,54.35928,OPL,D2
16,2020,10,48.167664,OPL,D2
16,2020,11,25.425152,OPL,D2
16,2020,12,30.898205,OPL,D2
1,2016,1,86.666664,DA_NoCDF,D0
1,2016,2,90.0,DA_NoCDF,D0
1,2016,3,22.727274,DA_NoCDF,D0
1,2016,4,68.181816,DA_NoCDF,D0
1,2016,5,27.272728,DA_NoCDF,D0
1,2016,6,31.818182,DA_NoCDF,D0
1,2016,7,40.909092,DA_NoCDF,D0
1,2016,8,54.545456,DA_NoCDF,D0
1,2016,9,72.72727,DA_NoCDF,D0
1,2016,10,36.363636,DA_NoCDF,D0
1,2016,11,4.5454545,DA_NoCDF,D0
1,2016,12,0.0,DA_NoCDF,D0
1,2017,1,0.0,DA_NoCDF,D0
1,2017,2,0.0,DA_NoCDF,D0
1,2017,3,0.0,DA_NoCDF,D0
1,2017,4,22.727274,DA_NoCDF,D0
1,2017,5,36.363636,DA_NoCDF,D0
1,2017,6,36.363636,DA_NoCDF,D0
1,2017,7,36.363636,DA_NoCDF,D0
1,2017,8,27.272728,DA_NoCDF,D0
1,2017,9,9.090909,DA_NoCDF,D0
1,2017,10,9.090909,DA_NoCDF,D0
1,2017,11,77.27273,DA_NoCDF,D0
1,2017,12,31.818182,DA_NoCDF,D0
1,2018,1,27.272728,DA_NoCDF,D0
1,2018,2,4.5454545,DA_NoCDF,D0
1,2018,3,0.0,DA_NoCDF,D0
1,2018,4,0.0,DA_NoCDF,D0
1,2018,5,0.0,DA_NoCDF,D0
1,2018,6,0.0,DA_NoCDF,D0
1,2018,7,0.0,DA_NoCDF,D0
1,2018,8,0.0,DA_NoCDF,D0
1,2018,9,0.0,DA_NoCDF,D0
1,2018,10,0.0,DA_NoCDF,D0
1,2018,11,0.0,DA_NoCDF,D0
1,2018,12,0.0,DA_NoCDF,D0
1,2019,1,0.0,DA_NoCDF,D0
1,2019,2,9.090909,DA_NoCDF,D0
1,2019,3,22.727274,DA_NoCDF,D0
1,2019,4,13.636364,DA_NoCDF,D0
1,2019,5,27.272728,DA_NoCDF,D0
1,2019,6,22.727274,DA_NoCDF,D0
1,2019,7,13.636364,DA_NoCDF,D0
1,2019,8,9.090909,DA_NoCDF,D0
1,2019,9,13.636364,DA_NoCDF,D0
1,2019,10,27.272728,DA_NoCDF,D0
1,2019,11,22.727274,DA_NoCDF,D0
1,2019,12,22.727274,DA_NoCDF,D0
1,2020,1,36.363636,DA_NoCDF,D0
1,2020,2,75.0,DA_NoCDF,D0
1,2020,3,100.0,DA_NoCDF,D0
1,2020,4,31.818182,DA_NoCDF,D0
1,2020,5,36.363636,DA_NoCDF,D0
1,2020,6,31.818182,DA_NoCDF,D0
1,2020,7,40.909092,DA_NoCDF,D0
1,2020,8,36.363636,DA_NoCDF,D0
1,2020,9,40.909092,DA_NoCDF,D0
1,2020,10,50.0,DA_NoCDF,D0
1,2020,11,36.363636,DA_NoCDF,D0
1,2020,12,81.818184,DA_NoCDF,D0
2,2016,1,100.0,DA_NoCDF,D0
2,2016,2,62.5,DA_NoCDF,D0
2,2016,3,0.0,DA_NoCDF,D0
2,2016,4,100.0,DA_NoCDF,D0
2,2016,5,62.5,DA_NoCDF,D0
2,2016,6,37.5,DA_NoCDF,D0
2,2016,7,50.0,DA_NoCDF,D0
2,2016,8,37.5,DA_NoCDF,D0
2,2016,9,50.0,DA_NoCDF,D0
2,2016,10,0.0,DA_NoCDF,D0
2,2016,11,0.0,DA_NoCDF,D0
2,2016,12,0.0,DA_NoCDF,D0
2,2017,1,0.0,DA_NoCDF,D0
2,2017,2,0.0,DA_NoCDF,D0
2,2017,3,0.0,DA_NoCDF,D0
2,2017,4,12.5,DA_NoCDF,D0
2,2017,5,0.0,DA_NoCDF,D0
2,2017,6,0.0,DA_NoCDF,D0
2,2017,7,0.0,DA_NoCDF,D0
2,2017,8,0.0,DA_NoCDF,D0
2,2017,9,0.0,DA_NoCDF,D0
2,2017,10,62.5,DA_NoCDF,D0
2,2017,11,100.0,DA_NoCDF,D0
2,2017,12,100.0,DA_NoCDF,D0
2,2018,1,12.5,DA_NoCDF,D0
2,2018,2,0.0,DA_NoCDF,D0
2,2018,3,0.0,DA_NoCDF,D0
2,2018,4,0.0,DA_NoCDF,D0
2,2018,5,0.0,DA_NoCDF,D0
2,2018,6,0.0,DA_NoCDF,D0
2,2018,7,0.0,DA_NoCDF,D0
2,2018,8,0.0,DA_NoCDF,D0
2,2018,9,0.0,DA_NoCDF,D0
2,2018,10,0.0,DA_NoCDF,D0
2,2018,11,0.0,DA_NoCDF,D0
2,2018,12,0.0,DA_NoCDF,D0
2,2019,1,0.0,DA_NoCDF,D0
2,2019,2,0.0,DA_NoCDF,D0
2,2019,3,62.5,DA_NoCDF,D0
2,2019,4,75.0,DA_NoCDF,D0
2,2019,5,87.5,DA_NoCDF,D0
2,2019,6,87.5,DA_NoCDF,D0
2,2019,7,87.5,DA_NoCDF,D0
2,2019,8,75.0,DA_NoCDF,D0
2,2019,9,62.5,DA_NoCDF,D0
2,2019,10,100.0,DA_NoCDF,D0
2,2019,11,0.0,DA_NoCDF,D0
2,2019,12,0.0,DA_NoCDF,D0
2,2020,1,75.0,DA_NoCDF,D0
2,2020,2,75.0,DA_NoCDF,D0
2,2020,3,100.0,DA_NoCDF,D0
2,2020,4,0.0,DA_NoCDF,D0
2,2020,5,0.0,DA_NoCDF,D0
2,2020,6,0.0,DA_NoCDF,D0
2,2020,7,0.0,DA_NoCDF,D0
2,2020,8,0.0,DA_NoCDF,D0
2,2020,9,0.0,DA_NoCDF,D0
2,2020,10,0.0,DA_NoCDF,D0
2,2020,11,37.5,DA_NoCDF,D0
2,2020,12,62.5,DA_NoCDF,D0
3,2016,1,100.0,DA_NoCDF,D0
3,2016,2,100.0,DA_NoCDF,D0
3,2016,3,100.0,DA_NoCDF,D0
3,2016,4,50.0,DA_NoCDF,D0
3,2016,5,50.0,DA_NoCDF,D0
3,2016,6,100.0,DA_NoCDF,D0
3,2016,7,100.0,DA_NoCDF,D0
3,2016,8,100.0,DA_NoCDF,D0
3,2016,9,100.0,DA_NoCDF,D0
3,2016,10,50.0,DA_NoCDF,D0
3,2016,11,50.0,DA_NoCDF,D0
3,2016,12,0.0,DA_NoCDF,D0
3,2017,1,0.0,DA_NoCDF,D0
3,2017,2,0.0,DA_NoCDF,D0
3,2017,3,0.0,DA_NoCDF,D0
3,2017,4,50.0,DA_NoCDF,D0
3,2017,5,50.0,DA_NoCDF,D0
3,2017,6,50.0,DA_NoCDF,D0
3,2017,7,0.0,DA_NoCDF,D0
3,2017,8,0.0,DA_NoCDF,D0
3,2017,9,0.0,DA_NoCDF,D0
3,2017,10,50.0,DA_NoCDF,D0
3,2017,11,100.0,DA_NoCDF,D0
3,2017,12,50.0,DA_NoCDF,D0
3,2018,1,0.0,DA_NoCDF,D0
3,2018,2,0.0,DA_NoCDF,D0
3,2018,3,0.0,DA_NoCDF,D0
3,2018,4,0.0,DA_NoCDF,D0
3,2018,5,0.0,DA_NoCDF,D0
3,2018,6,0.0,DA_NoCDF,D0
3,2018,7,0.0,DA_NoCDF,D0
3,2018,8,0.0,DA_NoCDF,D0
3,2018,9,0.0,DA_NoCDF,D0
3,2018,10,0.0,DA_NoCDF,D0
3,2018,11,0.0,DA_NoCDF,D0
3,2018,12,0.0,DA_NoCDF,D0
3,2019,1,0.0,DA_NoCDF,D0
3,2019,2,0.0,DA_NoCDF,D0
3,2019,3,0.0,DA_NoCDF,D0
3,2019,4,0.0,DA_NoCDF,D0
3,2019,5,0.0,DA_NoCDF,D0
3,2019,6,0.0,DA_NoCDF,D0
3,2019,7,0.0,DA_NoCDF,D0
3,2019,8,0.0,DA_NoCDF,D0
3,2019,9,0.0,DA_NoCDF,D0
3,2019,10,0.0,DA_NoCDF,D0
3,2019,11,0.0,DA_NoCDF,D0
3,2019,12,0.0,DA_NoCDF,D0
3,2020,1,50.0,DA_NoCDF,D0
3,2020,2,50.0,DA_NoCDF,D0
3,2020,3,100.0,DA_NoCDF,D0
3,2020,4,100.0,DA_NoCDF,D0
3,2020,5,50.0,DA_NoCDF,D0
3,2020,6,50.0,DA_NoCDF,D0
3,2020,7,0.0,DA_NoCDF,D0
3,2020,8,0.0,DA_NoCDF,D0
3,2020,9,100.0,DA_NoCDF,D0
3,2020,10,100.0,DA_NoCDF,D0
3,2020,11,0.0,DA_NoCDF,D0
3,2020,12,100.0,DA_NoCDF,D0
5,2016,1,63.636364,DA_NoCDF,D0
5,2016,2,48.64865,DA_NoCDF,D0
5,2016,3,27.027025,DA_NoCDF,D0
5,2016,4,78.37838,DA_NoCDF,D0
5,2016,5,43.243244,DA_NoCDF,D0
5,2016,6,43.243244,DA_NoCDF,D0
5,2016,7,40.54054,DA_NoCDF,D0
5,2016,8,40.54054,DA_NoCDF,D0
5,2016,9,45.945946,DA_NoCDF,D0
5,2016,10,21.621622,DA_NoCDF,D0
5,2016,11,21.621622,DA_NoCDF,D0
5,2016,12,2.7027028,DA_NoCDF,D0
5,2017,1,2.7027028,DA_NoCDF,D0
5,2017,2,0.0,DA_NoCDF,D0
5,2017,3,8.108108,DA_NoCDF,D0
5,2017,4,72.97297,DA_NoCDF,D0
5,2017,5,54.05405,DA_NoCDF,D0
5,2017,6,64.86486,DA_NoCDF,D0
5,2017,7,48.64865,DA_NoCDF,D0
5,2017,8,40.54054,DA_NoCDF,D0
5,2017,9,35.135136,DA_NoCDF,D0
5,2017,10,27.027025,DA_NoCDF,D0
5,2017,11,45.945946,DA_NoCDF,D0
5,2017,12,35.135136,DA_NoCDF,D0
5,2018,1,21.621622,DA_NoCDF,D0
5,2018,2,8.108108,DA_NoCDF,D0
5,2018,3,0.0,DA_NoCDF,D0
5,2018,4,2.7027028,DA_NoCDF,D0
5,2018,5,13.513513,DA_NoCDF,D0
5,2018,6,18.918919,DA_NoCDF,D0
5,2018,7,16.216215,DA_NoCDF,D0
5,2018,8,8.108108,DA_NoCDF,D0
5,2018,9,10.810811,DA_NoCDF,D0
5,2018,10,0.0,DA_NoCDF,D0
5,2018,11,0.0,DA_NoCDF,D0
5,2018,12,5.4054055,DA_NoCDF,D0
5,2019,1,10.810811,DA_NoCDF,D0
5,2019,2,5.4054055,DA_NoCDF,D0
5,2019,3,70.27027,DA_NoCDF,D0
5,2019,4,32.43243,DA_NoCDF,D0
5,2019,5,78.37838,DA_NoCDF,D0
5,2019,6,56.75676,DA_NoCDF,D0
5,2019,7,51.35135,DA_NoCDF,D0
5,2019,8,45.945946,DA_NoCDF,D0
5,2019,9,37.837837,DA_NoCDF,D0
5,2019,10,43.243244,DA_NoCDF,D0
5,2019,11,16.216215,DA_NoCDF,D0
5,2019,12,10.810811,DA_NoCDF,D0
5,2020,1,27.027025,DA_NoCDF,D0
5,2020,2,21.621622,DA_NoCDF,D0
5,2020,3,45.945946,DA_NoCDF,D0
5,2020,4,21.621622,DA_NoCDF,D0
5,2020,5,32.43243,DA_NoCDF,D0
5,2020,6,27.027025,DA_NoCDF,D0
5,2020,7,27.027025,DA_NoCDF,D0
5,2020,8,24.324326,DA_NoCDF,D0
5,2020,9,24.324326,DA_NoCDF,D0
5,2020,10,32.43243,DA_NoCDF,D0
5,2020,11,40.54054,DA_NoCDF,D0
5,2020,12,37.837837,DA_NoCDF,D0
6,2016,1,66.66667,DA_NoCDF,D0
6,2016,2,73.52941,DA_NoCDF,D0
6,2016,3,57.40741,DA_NoCDF,D0
6,2016,4,81.48148,DA_NoCDF,D0
6,2016,5,62.96296,DA_NoCDF,D0
6,2016,6,51.851852,DA_NoCDF,D0
6,2016,7,18.518518,DA_NoCDF,D0
6,2016,8,11.111112,DA_NoCDF,D0
6,2016,9,25.925926,DA_NoCDF,D0
6,2016,10,11.111112,DA_NoCDF,D0
6,2016,11,9.259259,DA_NoCDF,D0
6,2016,12,3.7037036,DA_NoCDF,D0
6,2017,1,16.666668,DA_NoCDF,D0
6,2017,2,14.814815,DA_NoCDF,D0
6,2017,3,9.259259,DA_NoCDF,D0
6,2017,4,50.0,DA_NoCDF,D0
6,2017,5,53.7037,DA_NoCDF,D0
6,2017,6,44.444447,DA_NoCDF,D0
6,2017,7,42.592594,DA_NoCDF,D0
6,2017,8,18.518518,DA_NoCDF,D0
6,2017,9,22.222223,DA_NoCDF,D0
6,2017,10,24.074074,DA_NoCDF,D0
6,2017,11,48.148148,DA_NoCDF,D0
6,2017,12,48.148148,DA_NoCDF,D0
6,2018,1,27.777779,DA_NoCDF,D0
6,2018,2,12.962963,DA_NoCDF,D0
6,2018,3,3.7037036,DA_NoCDF,D0
6,2018,4,29.62963,DA_NoCDF,D0
6,2018,5,16.666668,DA_NoCDF,D0
6,2018,6,33.333336,DA_NoCDF,D0
6,2018,7,14.814815,DA_NoCDF,D0
6,2018,8,9.259259,DA_NoCDF,D0
6,2018,9,7.4074073,DA_NoCDF,D0
6,2018,10,11.111112,DA_NoCDF,D0
6,2018,11,1.8518518,DA_NoCDF,D0
6,2018,12,7.4074073,DA_NoCDF,D0
6,2019,1,24.074074,DA_NoCDF,D0
6,2019,2,38.88889,DA_NoCDF,D0
6,2019,3,37.037037,DA_NoCDF,D0
6,2019,4,50.0,DA_NoCDF,D0
6,2019,5,68.51852,DA_NoCDF,D0
6,2019,6,64.81481,DA_NoCDF,D0
6,2019,7,53.7037,DA_NoCDF,D0
6,2019,8,27.777779,DA_NoCDF,D0
6,2019,9,20.37037,DA_NoCDF,D0
6,2019,10,35.185184,DA_NoCDF,D0
6,2019,11,24.074074,DA_NoCDF,D0
6,2019,12,40.74074,DA_NoCDF,D0
6,2020,1,51.851852,DA_NoCDF,D0
6,2020,2,64.70589,DA_NoCDF,D0
6,2020,3,68.51852,DA_NoCDF,D0
6,2020,4,68.51852,DA_NoCDF,D0
6,2020,5,61.11111,DA_NoCDF,D0
6,2020,6,48.148148,DA_NoCDF,D0
6,2020,7,16.666668,DA_NoCDF,D0
6,2020,8,5.555556,DA_NoCDF,D0
6,2020,9,3.7037036,DA_NoCDF,D0
6,2020,10,11.111112,DA_NoCDF,D0
6,2020,11,16.666668,DA_NoCDF,D0
6,2020,12,40.74074,DA_NoCDF,D0
7,2016,1,84.652214,DA_NoCDF,D0
7,2016,2,85.16483,DA_NoCDF,D0
7,2016,3,65.6494,DA_NoCDF,D0
7,2016,4,75.940384,DA_NoCDF,D0
7,2016,5,62.79276,DA_NoCDF,D0
7,2016,6,50.603264,DA_NoCDF,D0
7,2016,7,34.031227,DA_NoCDF,D0
7,2016,8,24.751596,DA_NoCDF,D0
7,2016,9,26.933994,DA_NoCDF,D0
7,2016,10,25.709724,DA_NoCDF,D0
7,2016,11,28.38893,DA_NoCDF,D0
7,2016,12,13.644428,DA_NoCDF,D0
7,2017,1,14.567068,DA_NoCDF,D0
7,2017,2,16.305891,DA_NoCDF,D0
7,2017,3,29.25834,DA_NoCDF,D0
7,2017,4,63.981544,DA_NoCDF,D0
7,2017,5,71.87722,DA_NoCDF,D0
7,2017,6,62.402416,DA_NoCDF,D0
7,2017,7,53.779274,DA_NoCDF,D0
7,2017,8,40.951027,DA_NoCDF,D0
7,2017,9,37.171753,DA_NoCDF,D0
7,2017,10,40.09936,DA_NoCDF,D0
7,2017,11,58.073105,DA_NoCDF,D0
7,2017,12,46.132008,DA_NoCDF,D0
7,2018,1,26.685593,DA_NoCDF,D0
7,2018,2,21.30944,DA_NoCDF,D0
7,2018,3,22.072392,DA_NoCDF,D0
7,2018,4,38.112137,DA_NoCDF,D0
7,2018,5,37.72179,DA_NoCDF,D0
7,2018,6,35.379704,DA_NoCDF,D0
7,2018,7,30.216465,DA_NoCDF,D0
7,2018,8,26.703337,DA_NoCDF,D0
7,2018,9,22.58694,DA_NoCDF,D0
7,2018,10,14.496097,DA_NoCDF,D0
7,2018,11,7.966643,DA_NoCDF,D0
7,2018,12,21.94819,DA_NoCDF,D0
7,2019,1,27.909866,DA_NoCDF,D0
7,2019,2,36.35557,DA_NoCDF,D0
7,2019,3,61.95884,DA_NoCDF,D0
7,2019,4,66.412346,DA_NoCDF,D0
7,2019,5,78.51313,DA_NoCDF,D0
7,2019,6,69.1093,DA_NoCDF,D0
7,2019,7,53.726048,DA_NoCDF,D0
7,2019,8,41.76721,DA_NoCDF,D0
7,2019,9,35.46842,DA_NoCDF,D0
7,2019,10,33.463448,DA_NoCDF,D0
7,2019,11,30.074522,DA_NoCDF,D0
7,2019,12,40.276794,DA_NoCDF,D0
7,2020,1,43.115685,DA_NoCDF,D0
7,2020,2,49.666405,DA_NoCDF,D0
7,2020,3,65.38325,DA_NoCDF,D0
7,2020,4,63.53797,DA_NoCDF,D0
7,2020,5,53.371185,DA_NoCDF,D0
7,2020,6,38.76863,DA_NoCDF,D0
7,2020,7,25.958126,DA_NoCDF,D0
7,2020,8,19.18027,DA_NoCDF,D0
7,2020,9,23.261177,DA_NoCDF,D0
7,2020,10,25.851667,DA_NoCDF,D0
7,2020,11,34.20866,DA_NoCDF,D0
7,2020,12,41.909157,DA_NoCDF,D0
8,2016,1,57.746475,DA_NoCDF,D0
8,2016,2,48.314606,DA_NoCDF,D0
8,2016,3,30.337078,DA_NoCDF,D0
8,2016,4,73.03371,DA_NoCDF,D0
8,2016,5,44.94382,DA_NoCDF,D0
8,2016,6,28.089888,DA_NoCDF,D0
8,2016,7,17.977528,DA_NoCDF,D0
8,2016,8,15.730338,DA_NoCDF,D0
8,2016,9,15.730338,DA_NoCDF,D0
8,2016,10,1.1235955,DA_NoCDF,D0
8,2016,11,5.6179776,DA_NoCDF,D0
8,2016,12,0.0,DA_NoCDF,D0
8,2017,1,0.0,DA_NoCDF,D0
8,2017,2,0.0,DA_NoCDF,D0
8,2017,3,10.112359,DA_NoCDF,D0
8,2017,4,89.88764,DA_NoCDF,D0
8,2017,5,84.26966,DA_NoCDF,D0
8,2017,6,87.64045,DA_NoCDF,D0
8,2017,7,73.03371,DA_NoCDF,D0
8,2017,8,50.5618,DA_NoCDF,D0
8,2017,9,46.067417,DA_NoCDF,D0
8,2017,10,47.191013,DA_NoCDF,D0
8,2017,11,59.55056,DA_NoCDF,D0
8,2017,12,29.213482,DA_NoCDF,D0
8,2018,1,7.865169,DA_NoCDF,D0
8,2018,2,3.3707864,DA_NoCDF,D0
8,2018,3,1.1235955,DA_NoCDF,D0
8,2018,4,0.0,DA_NoCDF,D0
8,2018,5,26.966291,DA_NoCDF,D0
8,2018,6,19.101124,DA_NoCDF,D0
8,2018,7,19.101124,DA_NoCDF,D0
8,2018,8,17.977528,DA_NoCDF,D0
8,2018,9,16.853933,DA_NoCDF,D0
8,2018,10,1.1235955,DA_NoCDF,D0
8,2018,11,0.0,DA_NoCDF,D0
8,2018,12,1.1235955,DA_NoCDF,D0
8,2019,1,2.247191,DA_NoCDF,D0
8,2019,2,4.494382,DA_NoCDF,D0
8,2019,3,71.91011,DA_NoCDF,D0
8,2019,4,47.191013,DA_NoCDF,D0
8,2019,5,84.26966,DA_NoCDF,D0
8,2019,6,73.03371,DA_NoCDF,D0
8,2019,7,68.53933,DA_NoCDF,D0
8,2019,8,67.41573,DA_NoCDF,D0
8,2019,9,53.932583,DA_NoCDF,D0
8,2019,10,37.07865,DA_NoCDF,D0
8,2019,11,11.235955,DA_NoCDF,D0
8,2019,12,5.6179776,DA_NoCDF,D0
8,2020,1,12.35955,DA_NoCDF,D0
8,2020,2,23.595507,DA_NoCDF,D0
8,2020,3,52.808987,DA_NoCDF,D0
8,2020,4,32.58427,DA_NoCDF,D0
8,2020,5,48.314606,DA_NoCDF,D0
8,2020,6,34.831463,DA_NoCDF,D0
8,2020,7,32.58427,DA_NoCDF,D0
8,2020,8,24.7191,DA_NoCDF,D0
8,2020,9,25.842697,DA_NoCDF,D0
8,2020,10,20.224718,DA_NoCDF,D0
8,2020,11,21.348314,DA_NoCDF,D0
8,2020,12,16.853933,DA_NoCDF,D0
9,2016,1,100.0,DA_NoCDF,D0
9,2016,2,100.0,DA_NoCDF,D0
9,2016,3,53.846157,DA_NoCDF,D0
9,2016,4,30.769232,DA_NoCDF,D0
9,2016,5,23.076923,DA_NoCDF,D0
9,2016,6,7.692308,DA_NoCDF,D0
9,2016,7,7.692308,DA_NoCDF,D0
9,2016,8,7.692308,DA_NoCDF,D0
9,2016,9,15.384616,DA_NoCDF,D0
9,2016,10,7.692308,DA_NoCDF,D0
9,2016,11,0.0,DA_NoCDF,D0
9,2016,12,0.0,DA_NoCDF,D0
9,2017,1,0.0,DA_NoCDF,D0
9,2017,2,0.0,DA_NoCDF,D0
9,2017,3,7.692308,DA_NoCDF,D0
9,2017,4,23.076923,DA_NoCDF,D0
9,2017,5,30.769232,DA_NoCDF,D0
9,2017,6,61.538464,DA_NoCDF,D0
9,2017,7,38.46154,DA_NoCDF,D0
9,2017,8,30.769232,DA_NoCDF,D0
9,2017,9,30.769232,DA_NoCDF,D0
9,2017,10,84.61539,DA_NoCDF,D0
9,2017,11,100.0,DA_NoCDF,D0
9,2017,12,100.0,DA_NoCDF,D0
9,2018,1,15.384616,DA_NoCDF,D0
9,2018,2,7.692308,DA_NoCDF,D0
9,2018,3,0.0,DA_NoCDF,D0
9,2018,4,7.692308,DA_NoCDF,D0
9,2018,5,7.692308,DA_NoCDF,D0
9,2018,6,7.692308,DA_NoCDF,D0
9,2018,7,7.692308,DA_NoCDF,D0
9,2018,8,15.384616,DA_NoCDF,D0
9,2018,9,7.692308,DA_NoCDF,D0
9,2018,10,0.0,DA_NoCDF,D0
9,2018,11,0.0,DA_NoCDF,D0
9,2018,12,0.0,DA_NoCDF,D0
9,2019,1,0.0,DA_NoCDF,D0
9,2019,2,0.0,DA_NoCDF,D0
9,2019,3,30.769232,DA_NoCDF,D0
9,2019,4,53.846157,DA_NoCDF,D0
9,2019,5,76.92308,DA_NoCDF,D0
9,2019,6,76.92308,DA_NoCDF,D0
9,2019,7,61.538464,DA_NoCDF,D0
9,2019,8,92.30769,DA_NoCDF,D0
9,2019,9,92.30769,DA_NoCDF,D0
9,2019,10,53.846157,DA_NoCDF,D0
9,2019,11,15.384616,DA_NoCDF,D0
9,2019,12,15.384616,DA_NoCDF,D0
9,2020,1,61.538464,DA_NoCDF,D0
9,2020,2,61.538464,DA_NoCDF,D0
9,2020,3,76.92308,DA_NoCDF,D0
9,2020,4,84.61539,DA_NoCDF,D0
9,2020,5,53.846157,DA_NoCDF,D0
9,2020,6,15.384616,DA_NoCDF,D0
9,2020,7,15.384616,DA_NoCDF,D0
9,2020,8,15.384616,DA_NoCDF,D0
9,2020,9,7.692308,DA_NoCDF,D0
9,2020,10,7.692308,DA_NoCDF,D0
9,2020,11,23.076923,DA_NoCDF,D0
9,2020,12,53.846157,DA_NoCDF,D0
10,2016,1,86.42659,DA_NoCDF,D0
10,2016,2,85.77319,DA_NoCDF,D0
10,2016,3,69.163765,DA_NoCDF,D0
10,2016,4,86.75958,DA_NoCDF,D0
10,2016,5,80.13937,DA_NoCDF,D0
10,2016,6,73.86759,DA_NoCDF,D0
10,2016,7,47.38676,DA_NoCDF,D0
10,2016,8,24.56446,DA_NoCDF,D0
10,2016,9,23.344948,DA_NoCDF,D0
10,2016,10,17.770035,DA_NoCDF,D0
10,2016,11,21.602787,DA_NoCDF,D0
10,2016,12,8.885017,DA_NoCDF,D0
10,2017,1,9.5818815,DA_NoCDF,D0
10,2017,2,9.059234,DA_NoCDF,D0
10,2017,3,17.073172,DA_NoCDF,D0
10,2017,4,61.324043,DA_NoCDF,D0
10,2017,5,72.64809,DA_NoCDF,D0
10,2017,6,61.84669,DA_NoCDF,D0
10,2017,7,45.29617,DA_NoCDF,D0
10,2017,8,32.404182,DA_NoCDF,D0
10,2017,9,35.19164,DA_NoCDF,D0
10,2017,10,36.933796,DA_NoCDF,D0
10,2017,11,68.11846,DA_NoCDF,D0
10,2017,12,58.188152,DA_NoCDF,D0
10,2018,1,30.313591,DA_NoCDF,D0
10,2018,2,22.299652,DA_NoCDF,D0
10,2018,3,7.317073,DA_NoCDF,D0
10,2018,4,34.84321,DA_NoCDF,D0
10,2018,5,27.351915,DA_NoCDF,D0
10,2018,6,33.972126,DA_NoCDF,D0
10,2018,7,23.170732,DA_NoCDF,D0
10,2018,8,24.912891,DA_NoCDF,D0
10,2018,9,22.299652,DA_NoCDF,D0
10,2018,10,11.324042,DA_NoCDF,D0
10,2018,11,4.181185,DA_NoCDF,D0
10,2018,12,11.672474,DA_NoCDF,D0
10,2019,1,19.337978,DA_NoCDF,D0
10,2019,2,29.094076,DA_NoCDF,D0
10,2019,3,58.7108,DA_NoCDF,D0
10,2019,4,70.20906,DA_NoCDF,D0
10,2019,5,81.35889,DA_NoCDF,D0
10,2019,6,80.836235,DA_NoCDF,D0
10,2019,7,74.73868,DA_NoCDF,D0
10,2019,8,59.581882,DA_NoCDF,D0
10,2019,9,45.12195,DA_NoCDF,D0
10,2019,10,48.432056,DA_NoCDF,D0
10,2019,11,51.39373,DA_NoCDF,D0
10,2019,12,55.923344,DA_NoCDF,D0
10,2020,1,61.149822,DA_NoCDF,D0
10,2020,2,61.03093,DA_NoCDF,D0
10,2020,3,75.26132,DA_NoCDF,D0
10,2020,4,78.74564,DA_NoCDF,D0
10,2020,5,77.52613,DA_NoCDF,D0
10,2020,6,66.376305,DA_NoCDF,D0
10,2020,7,47.38676,DA_NoCDF,D0
10,2020,8,28.04878,DA_NoCDF,D0
10,2020,9,27.351915,DA_NoCDF,D0
10,2020,10,25.43554,DA_NoCDF,D0
10,2020,11,32.05575,DA_NoCDF,D0
10,2020,12,43.72822,DA_NoCDF,D0
12,2016,1,86.71171,DA_NoCDF,D0
12,2016,2,83.27402,DA_NoCDF,D0
12,2016,3,46.140194,DA_NoCDF,D0
12,2016,4,55.368233,DA_NoCDF,D0
12,2016,5,40.10648,DA_NoCDF,D0
12,2016,6,32.65306,DA_NoCDF,D0
12,2016,7,25.377106,DA_NoCDF,D0
12,2016,8,26.885536,DA_NoCDF,D0
12,2016,9,34.07276,DA_NoCDF,D0
12,2016,10,18.456078,DA_NoCDF,D0
12,2016,11,14.196983,DA_NoCDF,D0
12,2016,12,0.9760426,DA_NoCDF,D0
12,2017,1,1.5971607,DA_NoCDF,D0
12,2017,2,2.7506654,DA_NoCDF,D0
12,2017,3,23.425022,DA_NoCDF,D0
12,2017,4,64.685005,DA_NoCDF,D0
12,2017,5,73.46939,DA_NoCDF,D0
12,2017,6,73.025734,DA_NoCDF,D0
12,2017,7,60.780834,DA_NoCDF,D0
12,2017,8,40.99379,DA_NoCDF,D0
12,2017,9,38.59805,DA_NoCDF,D0
12,2017,10,58.74002,DA_NoCDF,D0
12,2017,11,85.62555,DA_NoCDF,D0
12,2017,12,59.62733,DA_NoCDF,D0
12,2018,1,15.794143,DA_NoCDF,D0
12,2018,2,3.9929013,DA_NoCDF,D0
12,2018,3,3.9929013,DA_NoCDF,D0
12,2018,4,11.889974,DA_NoCDF,D0
12,2018,5,22.626442,DA_NoCDF,D0
12,2018,6,28.837622,DA_NoCDF,D0
12,2018,7,40.19521,DA_NoCDF,D0
12,2018,8,52.972496,DA_NoCDF,D0
12,2018,9,47.293697,DA_NoCDF,D0
12,2018,10,19.34339,DA_NoCDF,D0
12,2018,11,1.6858916,DA_NoCDF,D0
12,2018,12,9.405501,DA_NoCDF,D0
12,2019,1,16.770187,DA_NoCDF,D0
12,2019,2,15.350488,DA_NoCDF,D0
12,2019,3,70.71873,DA_NoCDF,D0
12,2019,4,69.92014,DA_NoCDF,D0
12,2019,5,84.38332,DA_NoCDF,D0
12,2019,6,75.68767,DA_NoCDF,D0
12,2019,7,49.68944,DA_NoCDF,D0
12,2019,8,44.631763,DA_NoCDF,D0
12,2019,9,39.3079,DA_NoCDF,D0
12,2019,10,48.26974,DA_NoCDF,D0
12,2019,11,32.919254,DA_NoCDF,D0
12,2019,12,42.413486,DA_NoCDF,D0
12,2020,1,54.924576,DA_NoCDF,D0
12,2020,2,59.430607,DA_NoCDF,D0
12,2020,3,85.35936,DA_NoCDF,D0
12,2020,4,64.9512,DA_NoCDF,D0
12,2020,5,50.75421,DA_NoCDF,D0
12,2020,6,30.079859,DA_NoCDF,D0
12,2020,7,29.45874,DA_NoCDF,D0
12,2020,8,23.779947,DA_NoCDF,D0
12,2020,9,24.75599,DA_NoCDF,D0
12,2020,10,26.353151,DA_NoCDF,D0
12,2020,11,47.914818,DA_NoCDF,D0
12,2020,12,54.569656,DA_NoCDF,D0
13,2016,1,94.666664,DA_NoCDF,D0
13,2016,2,82.10526,DA_NoCDF,D0
13,2016,3,56.41026,DA_NoCDF,D0
13,2016,4,62.393166,DA_NoCDF,D0
13,2016,5,52.136757,DA_NoCDF,D0
13,2016,6,49.57265,DA_NoCDF,D0
13,2016,7,51.282055,DA_NoCDF,D0
13,2016,8,52.136757,DA_NoCDF,D0
13,2016,9,52.136757,DA_NoCDF,D0
13,2016,10,48.71795,DA_NoCDF,D0
13,2016,11,37.60684,DA_NoCDF,D0
13,2016,12,35.042736,DA_NoCDF,D0
13,2017,1,37.60684,DA_NoCDF,D0
13,2017,2,35.042736,DA_NoCDF,D0
13,2017,3,35.042736,DA_NoCDF,D0
13,2017,4,42.735043,DA_NoCDF,D0
13,2017,5,44.444447,DA_NoCDF,D0
13,2017,6,41.025642,DA_NoCDF,D0
13,2017,7,41.88034,DA_NoCDF,D0
13,2017,8,41.88034,DA_NoCDF,D0
13,2017,9,40.17094,DA_NoCDF,D0
13,2017,10,38.46154,DA_NoCDF,D0
13,2017,11,66.66667,DA_NoCDF,D0
13,2017,12,65.811966,DA_NoCDF,D0
13,2018,1,36.752136,DA_NoCDF,D0
13,2018,2,35.042736,DA_NoCDF,D0
13,2018,3,34.188034,DA_NoCDF,D0
13,2018,4,34.188034,DA_NoCDF,D0
13,2018,5,34.188034,DA_NoCDF,D0
13,2018,6,34.188034,DA_NoCDF,D0
13,2018,7,34.188034,DA_NoCDF,D0
13,2018,8,34.188034,DA_NoCDF,D0
13,2018,9,34.188034,DA_NoCDF,D0
13,2018,10,34.188034,DA_NoCDF,D0
13,2018,11,33.333336,DA_NoCDF,D0
13,2018,12,34.188034,DA_NoCDF,D0
13,2019,1,34.188034,DA_NoCDF,D0
13,2019,2,44.444447,DA_NoCDF,D0
13,2019,3,40.17094,DA_NoCDF,D0
13,2019,4,40.17094,DA_NoCDF,D0
13,2019,5,52.991455,DA_NoCDF,D0
13,2019,6,53.846157,DA_NoCDF,D0
13,2019,7,49.57265,DA_NoCDF,D0
13,2019,8,46.153847,DA_NoCDF,D0
13,2019,9,43.589745,DA_NoCDF,D0
13,2019,10,46.153847,DA_NoCDF,D0
13,2019,11,41.88034,DA_NoCDF,D0
13,2019,12,46.153847,DA_NoCDF,D0
13,2020,1,70.94017,DA_NoCDF,D0
13,2020,2,72.63158,DA_NoCDF,D0
13,2020,3,95.726494,DA_NoCDF,D0
13,2020,4,82.051285,DA_NoCDF,D0
13,2020,5,82.90598,DA_NoCDF,D0
13,2020,6,79.48718,DA_NoCDF,D0
13,2020,7,80.34188,DA_NoCDF,D0
13,2020,8,78.63248,DA_NoCDF,D0
13,2020,9,79.48718,DA_NoCDF,D0
13,2020,10,87.17949,DA_NoCDF,D0
13,2020,11,82.90598,DA_NoCDF,D0
13,2020,12,88.88889,DA_NoCDF,D0
14,2016,1,,DA_NoCDF,D0
14,2016,2,100.0,DA_NoCDF,D0
14,2016,3,100.0,DA_NoCDF,D0
14,2016,4,0.0,DA_NoCDF,D0
14,2016,5,0.0,DA_NoCDF,D0
14,2016,6,0.0,DA_NoCDF,D0
14,2016,7,0.0,DA_NoCDF,D0
14,2016,8,0.0,DA_NoCDF,D0
14,2016,9,0.0,DA_NoCDF,D0
14,2016,10,0.0,DA_NoCDF,D0
14,2016,11,0.0,DA_NoCDF,D0
14,2016,12,0.0,DA_NoCDF,D0
14,2017,1,0.0,DA_NoCDF,D0
14,2017,2,0.0,DA_NoCDF,D0
14,2017,3,0.0,DA_NoCDF,D0
14,2017,4,0.0,DA_NoCDF,D0
14,2017,5,0.0,DA_NoCDF,D0
14,2017,6,0.0,DA_NoCDF,D0
14,2017,7,0.0,DA_NoCDF,D0
14,2017,8,0.0,DA_NoCDF,D0
14,2017,9,0.0,DA_NoCDF,D0
14,2017,10,0.0,DA_NoCDF,D0
14,2017,11,100.0,DA_NoCDF,D0
14,2017,12,100.0,DA_NoCDF,D0
14,2018,1,0.0,DA_NoCDF,D0
14,2018,2,0.0,DA_NoCDF,D0
14,2018,3,0.0,DA_NoCDF,D0
14,2018,4,0.0,DA_NoCDF,D0
14,2018,5,0.0,DA_NoCDF,D0
14,2018,6,0.0,DA_NoCDF,D0
14,2018,7,0.0,DA_NoCDF,D0
14,2018,8,0.0,DA_NoCDF,D0
14,2018,9,0.0,DA_NoCDF,D0
14,2018,10,0.0,DA_NoCDF,D0
14,2018,11,0.0,DA_NoCDF,D0
14,2018,12,0.0,DA_NoCDF,D0
14,2019,1,0.0,DA_NoCDF,D0
14,2019,2,0.0,DA_NoCDF,D0
14,2019,3,0.0,DA_NoCDF,D0
14,2019,4,100.0,DA_NoCDF,D0
14,2019,5,100.0,DA_NoCDF,D0
14,2019,6,100.0,DA_NoCDF,D0
14,2019,7,100.0,DA_NoCDF,D0
14,2019,8,100.0,DA_NoCDF,D0
14,2019,9,100.0,DA_NoCDF,D0
14,2019,10,100.0,DA_NoCDF,D0
14,2019,11,0.0,DA_NoCDF,D0
14,2019,12,0.0,DA_NoCDF,D0
14,2020,1,100.0,DA_NoCDF,D0
14,2020,2,100.0,DA_NoCDF,D0
14,2020,3,100.0,DA_NoCDF,D0
14,2020,4,100.0,DA_NoCDF,D0
14,2020,5,100.0,DA_NoCDF,D0
14,2020,6,100.0,DA_NoCDF,D0
14,2020,7,100.0,DA_NoCDF,D0
14,2020,8,100.0,DA_NoCDF,D0
14,2020,9,100.0,DA_NoCDF,D0
14,2020,10,100.0,DA_NoCDF,D0
14,2020,11,0.0,DA_NoCDF,D0
14,2020,12,100.0,DA_NoCDF,D0
16,2016,1,67.55454,DA_NoCDF,D0
16,2016,2,45.759716,DA_NoCDF,D0
16,2016,3,37.952095,DA_NoCDF,D0
16,2016,4,48.61078,DA_NoCDF,D0
16,2016,5,40.99401,DA_NoCDF,D0
16,2016,6,38.5509,DA_NoCDF,D0
16,2016,7,34.20359,DA_NoCDF,D0
16,2016,8,36.69461,DA_NoCDF,D0
16,2016,9,45.68862,DA_NoCDF,D0
16,2016,10,47.077843,DA_NoCDF,D0
16,2016,11,50.083836,DA_NoCDF,D0
16,2016,12,45.4491,DA_NoCDF,D0
16,2017,1,62.2994,DA_NoCDF,D0
16,2017,2,62.790417,DA_NoCDF,D0
16,2017,3,68.28743,DA_NoCDF,D0
16,2017,4,78.03593,DA_NoCDF,D0
16,2017,5,70.53892,DA_NoCDF,D0
16,2017,6,58.802395,DA_NoCDF,D0
16,2017,7,58.455093,DA_NoCDF,D0
16,2017,8,58.994015,DA_NoCDF,D0
16,2017,9,76.443115,DA_NoCDF,D0
16,2017,10,61.736523,DA_NoCDF,D0
16,2017,11,76.73054,DA_NoCDF,D0
16,2017,12,71.437126,DA_NoCDF,D0
16,2018,1,69.856285,DA_NoCDF,D0
16,2018,2,68.09581,DA_NoCDF,D0
16,2018,3,75.856285,DA_NoCDF,D0
16,2018,4,87.7006,DA_NoCDF,D0
16,2018,5,75.00599,DA_NoCDF,D0
16,2018,6,78.35928,DA_NoCDF,D0
16,2018,7,79.41318,DA_NoCDF,D0
16,2018,8,68.742516,DA_NoCDF,D0
16,2018,9,75.73653,DA_NoCDF,D0
16,2018,10,82.17964,DA_NoCDF,D0
16,2018,11,80.63473,DA_NoCDF,D0
16,2018,12,88.52695,DA_NoCDF,D0
16,2019,1,90.11976,DA_NoCDF,D0
16,2019,2,92.455086,DA_NoCDF,D0
16,2019,3,87.92815,DA_NoCDF,D0
16,2019,4,81.47305,DA_NoCDF,D0
16,2019,5,87.78443,DA_NoCDF,D0
16,2019,6,86.634735,DA_NoCDF,D0
16,2019,7,87.58083,DA_NoCDF,D0
16,2019,8,87.640724,DA_NoCDF,D0
16,2019,9,86.88623,DA_NoCDF,D0
16,2019,10,90.02396,DA_NoCDF,D0
16,2019,11,92.52695,DA_NoCDF,D0
16,2019,12,92.81438,DA_NoCDF,D0
16,2020,1,91.7006,DA_NoCDF,D0
16,2020,2,93.39865,DA_NoCDF,D0
16,2020,3,90.79042,DA_NoCDF,D0
16,2020,4,85.40119,DA_NoCDF,D0
16,2020,5,88.10778,DA_NoCDF,D0
16,2020,6,88.53892,DA_NoCDF,D0
16,2020,7,88.155685,DA_NoCDF,D0
16,2020,8,89.245514,DA_NoCDF,D0
16,2020,9,89.56886,DA_NoCDF,D0
16,2020,10,91.26946,DA_NoCDF,D0
16,2020,11,88.28742,DA_NoCDF,D0
16,2020,12,90.26347,DA_NoCDF,D0
1,2016,1,86.666664,DA_NoCDF,D1
1,2016,2,70.0,DA_NoCDF,D1
1,2016,3,0.0,DA_NoCDF,D1
1,2016,4,45.454548,DA_NoCDF,D1
1,2016,5,18.181818,DA_NoCDF,D1
1,2016,6,27.272728,DA_NoCDF,D1
1,2016,7,22.727274,DA_NoCDF,D1
1,2016,8,40.909092,DA_NoCDF,D1
1,2016,9,54.545456,DA_NoCDF,D1
1,2016,10,18.181818,DA_NoCDF,D1
1,2016,11,0.0,DA_NoCDF,D1
1,2016,12,0.0,DA_NoCDF,D1
1,2017,1,0.0,DA_NoCDF,D1
1,2017,2,0.0,DA_NoCDF,D1
1,2017,3,0.0,DA_NoCDF,D1
1,2017,4,4.5454545,DA_NoCDF,D1
1,2017,5,31.818182,DA_NoCDF,D1
1,2017,6,22.727274,DA_NoCDF,D1
1,2017,7,27.272728,DA_NoCDF,D1
1,2017,8,18.181818,DA_NoCDF,D1
1,2017,9,4.5454545,DA_NoCDF,D1
1,2017,10,9.090909,DA_NoCDF,D1
1,2017,11,54.545456,DA_NoCDF,D1
1,2017,12,18.181818,DA_NoCDF,D1
1,2018,1,9.090909,DA_NoCDF,D1
1,2018,2,0.0,DA_NoCDF,D1
1,2018,3,0.0,DA_NoCDF,D1
1,2018,4,0.0,DA_NoCDF,D1
1,2018,5,0.0,DA_NoCDF,D1
1,2018,6,0.0,DA_NoCDF,D1
1,2018,7,0.0,DA_NoCDF,D1
1,2018,8,0.0,DA_NoCDF,D1
1,2018,9,0.0,DA_NoCDF,D1
1,2018,10,0.0,DA_NoCDF,D1
1,2018,11,0.0,DA_NoCDF,D1
1,2018,12,0.0,DA_NoCDF,D1
1,2019,1,0.0,DA_NoCDF,D1
1,2019,2,9.090909,DA_NoCDF,D1
1,2019,3,0.0,DA_NoCDF,D1
1,2019,4,13.636364,DA_NoCDF,D1
1,2019,5,9.090909,DA_NoCDF,D1
1,2019,6,13.636364,DA_NoCDF,D1
1,2019,7,0.0,DA_NoCDF,D1
1,2019,8,0.0,DA_NoCDF,D1
1,2019,9,0.0,DA_NoCDF,D1
1,2019,10,18.181818,DA_NoCDF,D1
1,2019,11,18.181818,DA_NoCDF,D1
1,2019,12,18.181818,DA_NoCDF,D1
1,2020,1,22.727274,DA_NoCDF,D1
1,2020,2,40.0,DA_NoCDF,D1
1,2020,3,95.454544,DA_NoCDF,D1
1,2020,4,27.272728,DA_NoCDF,D1
1,2020,5,31.818182,DA_NoCDF,D1
1,2020,6,22.727274,DA_NoCDF,D1
1,2020,7,27.272728,DA_NoCDF,D1
1,2020,8,22.727274,DA_NoCDF,D1
1,2020,9,36.363636,DA_NoCDF,D1
1,2020,10,45.454548,DA_NoCDF,D1
1,2020,11,22.727274,DA_NoCDF,D1
1,2020,12,63.636364,DA_NoCDF,D1
2,2016,1,100.0,DA_NoCDF,D1
2,2016,2,62.5,DA_NoCDF,D1
2,2016,3,0.0,DA_NoCDF,D1
2,2016,4,100.0,DA_NoCDF,D1
2,2016,5,12.5,DA_NoCDF,D1
2,2016,6,0.0,DA_NoCDF,D1
2,2016,7,37.5,DA_NoCDF,D1
2,2016,8,37.5,DA_NoCDF,D1
2,2016,9,37.5,DA_NoCDF,D1
2,2016,10,0.0,DA_NoCDF,D1
2,2016,11,0.0,DA_NoCDF,D1
2,2016,12,0.0,DA_NoCDF,D1
2,2017,1,0.0,DA_NoCDF,D1
2,2017,2,0.0,DA_NoCDF,D1
2,2017,3,0.0,DA_NoCDF,D1
2,2017,4,0.0,DA_NoCDF,D1
2,2017,5,0.0,DA_NoCDF,D1
2,2017,6,0.0,DA_NoCDF,D1
2,2017,7,0.0,DA_NoCDF,D1
2,2017,8,0.0,DA_NoCDF,D1
2,2017,9,0.0,DA_NoCDF,D1
2,2017,10,0.0,DA_NoCDF,D1
2,2017,11,100.0,DA_NoCDF,D1
2,2017,12,100.0,DA_NoCDF,D1
2,2018,1,0.0,DA_NoCDF,D1
2,2018,2,0.0,DA_NoCDF,D1
2,2018,3,0.0,DA_NoCDF,D1
2,2018,4,0.0,DA_NoCDF,D1
2,2018,5,0.0,DA_NoCDF,D1
2,2018,6,0.0,DA_NoCDF,D1
2,2018,7,0.0,DA_NoCDF,D1
2,2018,8,0.0,DA_NoCDF,D1
2,2018,9,0.0,DA_NoCDF,D1
2,2018,10,0.0,DA_NoCDF,D1
2,2018,11,0.0,DA_NoCDF,D1
2,2018,12,0.0,DA_NoCDF,D1
2,2019,1,0.0,DA_NoCDF,D1
2,2019,2,0.0,DA_NoCDF,D1
2,2019,3,25.0,DA_NoCDF,D1
2,2019,4,0.0,DA_NoCDF,D1
2,2019,5,87.5,DA_NoCDF,D1
2,2019,6,87.5,DA_NoCDF,D1
2,2019,7,75.0,DA_NoCDF,D1
2,2019,8,62.5,DA_NoCDF,D1
2,2019,9,62.5,DA_NoCDF,D1
2,2019,10,100.0,DA_NoCDF,D1
2,2019,11,0.0,DA_NoCDF,D1
2,2019,12,0.0,DA_NoCDF,D1
2,2020,1,37.5,DA_NoCDF,D1
2,2020,2,37.5,DA_NoCDF,D1
2,2020,3,100.0,DA_NoCDF,D1
2,2020,4,0.0,DA_NoCDF,D1
2,2020,5,0.0,DA_NoCDF,D1
2,2020,6,0.0,DA_NoCDF,D1
2,2020,7,0.0,DA_NoCDF,D1
2,2020,8,0.0,DA_NoCDF,D1
2,2020,9,0.0,DA_NoCDF,D1
2,2020,10,0.0,DA_NoCDF,D1
2,2020,11,0.0,DA_NoCDF,D1
2,2020,12,0.0,DA_NoCDF,D1
3,2016,1,100.0,DA_NoCDF,D1
3,2016,2,100.0,DA_NoCDF,D1
3,2016,3,0.0,DA_NoCDF,D1
3,2016,4,0.0,DA_NoCDF,D1
3,2016,5,50.0,DA_NoCDF,D1
3,2016,6,50.0,DA_NoCDF,D1
3,2016,7,100.0,DA_NoCDF,D1
3,2016,8,100.0,DA_NoCDF,D1
3,2016,9,50.0,DA_NoCDF,D1
3,2016,10,50.0,DA_NoCDF,D1
3,2016,11,0.0,DA_NoCDF,D1
3,2016,12,0.0,DA_NoCDF,D1
3,2017,1,0.0,DA_NoCDF,D1
3,2017,2,0.0,DA_NoCDF,D1
3,2017,3,0.0,DA_NoCDF,D1
3,2017,4,0.0,DA_NoCDF,D1
3,2017,5,50.0,DA_NoCDF,D1
3,2017,6,50.0,DA_NoCDF,D1
3,2017,7,0.0,DA_NoCDF,D1
3,2017,8,0.0,DA_NoCDF,D1
3,2017,9,0.0,DA_NoCDF,D1
3,2017,10,50.0,DA_NoCDF,D1
3,2017,11,100.0,DA_NoCDF,D1
3,2017,12,0.0,DA_NoCDF,D1
3,2018,1,0.0,DA_NoCDF,D1
3,2018,2,0.0,DA_NoCDF,D1
3,2018,3,0.0,DA_NoCDF,D1
3,2018,4,0.0,DA_NoCDF,D1
3,2018,5,0.0,DA_NoCDF,D1
3,2018,6,0.0,DA_NoCDF,D1
3,2018,7,0.0,DA_NoCDF,D1
3,2018,8,0.0,DA_NoCDF,D1
3,2018,9,0.0,DA_NoCDF,D1
3,2018,10,0.0,DA_NoCDF,D1
3,2018,11,0.0,DA_NoCDF,D1
3,2018,12,0.0,DA_NoCDF,D1
3,2019,1,0.0,DA_NoCDF,D1
3,2019,2,0.0,DA_NoCDF,D1
3,2019,3,0.0,DA_NoCDF,D1
3,2019,4,0.0,DA_NoCDF,D1
3,2019,5,0.0,DA_NoCDF,D1
3,2019,6,0.0,DA_NoCDF,D1
3,2019,7,0.0,DA_NoCDF,D1
3,2019,8,0.0,DA_NoCDF,D1
3,2019,9,0.0,DA_NoCDF,D1
3,2019,10,0.0,DA_NoCDF,D1
3,2019,11,0.0,DA_NoCDF,D1
3,2019,12,0.0,DA_NoCDF,D1
3,2020,1,0.0,DA_NoCDF,D1
3,2020,2,0.0,DA_NoCDF,D1
3,2020,3,100.0,DA_NoCDF,D1
3,2020,4,100.0,DA_NoCDF,D1
3,2020,5,0.0,DA_NoCDF,D1
3,2020,6,0.0,DA_NoCDF,D1
3,2020,7,0.0,DA_NoCDF,D1
3,2020,8,0.0,DA_NoCDF,D1
3,2020,9,50.0,DA_NoCDF,D1
3,2020,10,100.0,DA_NoCDF,D1
3,2020,11,0.0,DA_NoCDF,D1
3,2020,12,100.0,DA_NoCDF,D1
5,2016,1,59.090908,DA_NoCDF,D1
5,2016,2,45.945946,DA_NoCDF,D1
5,2016,3,18.918919,DA_NoCDF,D1
5,2016,4,62.162163,DA_NoCDF,D1
5,2016,5,40.54054,DA_NoCDF,D1
5,2016,6,40.54054,DA_NoCDF,D1
5,2016,7,35.135136,DA_NoCDF,D1
5,2016,8,35.135136,DA_NoCDF,D1
5,2016,9,40.54054,DA_NoCDF,D1
5,2016,10,18.918919,DA_NoCDF,D1
5,2016,11,16.216215,DA_NoCDF,D1
5,2016,12,2.7027028,DA_NoCDF,D1
5,2017,1,2.7027028,DA_NoCDF,D1
5,2017,2,0.0,DA_NoCDF,D1
5,2017,3,2.7027028,DA_NoCDF,D1
5,2017,4,51.35135,DA_NoCDF,D1
5,2017,5,48.64865,DA_NoCDF,D1
5,2017,6,64.86486,DA_NoCDF,D1
5,2017,7,45.945946,DA_NoCDF,D1
5,2017,8,37.837837,DA_NoCDF,D1
5,2017,9,27.027025,DA_NoCDF,D1
5,2017,10,27.027025,DA_NoCDF,D1
5,2017,11,43.243244,DA_NoCDF,D1
5,2017,12,27.027025,DA_NoCDF,D1
5,2018,1,10.810811,DA_NoCDF,D1
5,2018,2,2.7027028,DA_NoCDF,D1
5,2018,3,0.0,DA_NoCDF,D1
5,2018,4,0.0,DA_NoCDF,D1
5,2018,5,13.513513,DA_NoCDF,D1
5,2018,6,16.216215,DA_NoCDF,D1
5,2018,7,16.216215,DA_NoCDF,D1
5,2018,8,8.108108,DA_NoCDF,D1
5,2018,9,10.810811,DA_NoCDF,D1
5,2018,10,0.0,DA_NoCDF,D1
5,2018,11,0.0,DA_NoCDF,D1
5,2018,12,5.4054055,DA_NoCDF,D1
5,2019,1,10.810811,DA_NoCDF,D1
5,2019,2,2.7027028,DA_NoCDF,D1
5,2019,3,48.64865,DA_NoCDF,D1
5,2019,4,29.72973,DA_NoCDF,D1
5,2019,5,70.27027,DA_NoCDF,D1
5,2019,6,51.35135,DA_NoCDF,D1
5,2019,7,43.243244,DA_NoCDF,D1
5,2019,8,40.54054,DA_NoCDF,D1
5,2019,9,32.43243,DA_NoCDF,D1
5,2019,10,40.54054,DA_NoCDF,D1
5,2019,11,8.108108,DA_NoCDF,D1
5,2019,12,8.108108,DA_NoCDF,D1
5,2020,1,13.513513,DA_NoCDF,D1
5,2020,2,16.216215,DA_NoCDF,D1
5,2020,3,43.243244,DA_NoCDF,D1
5,2020,4,21.621622,DA_NoCDF,D1
5,2020,5,24.324326,DA_NoCDF,D1
5,2020,6,21.621622,DA_NoCDF,D1
5,2020,7,21.621622,DA_NoCDF,D1
5,2020,8,18.918919,DA_NoCDF,D1
5,2020,9,24.324326,DA_NoCDF,D1
5,2020,10,21.621622,DA_NoCDF,D1
5,2020,11,24.324326,DA_NoCDF,D1
5,2020,12,35.135136,DA_NoCDF,D1
6,2016,1,66.66667,DA_NoCDF,D1
6,2016,2,73.52941,DA_NoCDF,D1
6,2016,3,53.7037,DA_NoCDF,D1
6,2016,4,77.77778,DA_NoCDF,D1
6,2016,5,59.25926,DA_NoCDF,D1
6,2016,6,48.148148,DA_NoCDF,D1
6,2016,7,18.518518,DA_NoCDF,D1
6,2016,8,9.259259,DA_NoCDF,D1
6,2016,9,18.518518,DA_NoCDF,D1
6,2016,10,7.4074073,DA_NoCDF,D1
6,2016,11,3.7037036,DA_NoCDF,D1
6,2016,12,3.7037036,DA_NoCDF,D1
6,2017,1,5.555556,DA_NoCDF,D1
6,2017,2,11.111112,DA_NoCDF,D1
6,2017,3,7.4074073,DA_NoCDF,D1
6,2017,4,31.48148,DA_NoCDF,D1
6,2017,5,46.296295,DA_NoCDF,D1
6,2017,6,38.88889,DA_NoCDF,D1
6,2017,7,33.333336,DA_NoCDF,D1
6,2017,8,9.259259,DA_NoCDF,D1
6,2017,9,11.111112,DA_NoCDF,D1
6,2017,10,18.518518,DA_NoCDF,D1
6,2017,11,44.444447,DA_NoCDF,D1
6,2017,12,20.37037,DA_NoCDF,D1
6,2018,1,12.962963,DA_NoCDF,D1
6,2018,2,7.4074073,DA_NoCDF,D1
6,2018,3,1.8518518,DA_NoCDF,D1
6,2018,4,11.111112,DA_NoCDF,D1
6,2018,5,14.814815,DA_NoCDF,D1
6,2018,6,24.074074,DA_NoCDF,D1
6,2018,7,12.962963,DA_NoCDF,D1
6,2018,8,5.555556,DA_NoCDF,D1
6,2018,9,1.8518518,DA_NoCDF,D1
6,2018,10,7.4074073,DA_NoCDF,D1
6,2018,11,1.8518518,DA_NoCDF,D1
6,2018,12,5.555556,DA_NoCDF,D1
6,2019,1,7.4074073,DA_NoCDF,D1
6,2019,2,31.48148,DA_NoCDF,D1
6,2019,3,24.074074,DA_NoCDF,D1
6,2019,4,29.62963,DA_NoCDF,D1
6,2019,5,64.81481,DA_NoCDF,D1
6,2019,6,62.96296,DA_NoCDF,D1
6,2019,7,40.74074,DA_NoCDF,D1
6,2019,8,18.518518,DA_NoCDF,D1
6,2019,9,11.111112,DA_NoCDF,D1
6,2019,10,31.48148,DA_NoCDF,D1
6,2019,11,18.518518,DA_NoCDF,D1
6,2019,12,22.222223,DA_NoCDF,D1
6,2020,1,42.592594,DA_NoCDF,D1
6,2020,2,44.11765,DA_NoCDF,D1
6,2020,3,64.81481,DA_NoCDF,D1
6,2020,4,59.25926,DA_NoCDF,D1
6,2020,5,55.555557,DA_NoCDF,D1
6,2020,6,46.296295,DA_NoCDF,D1
6,2020,7,12.962963,DA_NoCDF,D1
6,2020,8,3.7037036,DA_NoCDF,D1
6,2020,9,3.7037036,DA_NoCDF,D1
6,2020,10,3.7037036,DA_NoCDF,D1
6,2020,11,11.111112,DA_NoCDF,D1
6,2020,12,31.48148,DA_NoCDF,D1
7,2016,1,79.6119,DA_NoCDF,D1
7,2016,2,79.76844,DA_NoCDF,D1
7,2016,3,57.168205,DA_NoCDF,D1
7,2016,4,70.28034,DA_NoCDF,D1
7,2016,5,58.67637,DA_NoCDF,D1
7,2016,6,46.220722,DA_NoCDF,D1
7,2016,7,29.506742,DA_NoCDF,D1
7,2016,8,21.149752,DA_NoCDF,D1
7,2016,9,23.083748,DA_NoCDF,D1
7,2016,10,21.02555,DA_NoCDF,D1
7,2016,11,22.143364,DA_NoCDF,D1
7,2016,12,11.603974,DA_NoCDF,D1
7,2017,1,11.621717,DA_NoCDF,D1
7,2017,2,13.342796,DA_NoCDF,D1
7,2017,3,23.775728,DA_NoCDF,D1
7,2017,4,54.453514,DA_NoCDF,D1
7,2017,5,64.655785,DA_NoCDF,D1
7,2017,6,55.092262,DA_NoCDF,D1
7,2017,7,46.859474,DA_NoCDF,D1
7,2017,8,33.87154,DA_NoCDF,D1
7,2017,9,31.369766,DA_NoCDF,D1
7,2017,10,34.226402,DA_NoCDF,D1
7,2017,11,48.598297,DA_NoCDF,D1
7,2017,12,31.955286,DA_NoCDF,D1
7,2018,1,18.488289,DA_NoCDF,D1
7,2018,2,15.063874,DA_NoCDF,D1
7,2018,3,17.672108,DA_NoCDF,D1
7,2018,4,31.369766,DA_NoCDF,D1
7,2018,5,33.30376,DA_NoCDF,D1
7,2018,6,30.518097,DA_NoCDF,D1
7,2018,7,25.177431,DA_NoCDF,D1
7,2018,8,22.515968,DA_NoCDF,D1
7,2018,9,18.452805,DA_NoCDF,D1
7,2018,10,11.976579,DA_NoCDF,D1
7,2018,11,6.0858765,DA_NoCDF,D1
7,2018,12,17.33499,DA_NoCDF,D1
7,2019,1,22.320795,DA_NoCDF,D1
7,2019,2,28.317955,DA_NoCDF,D1
7,2019,3,48.49184,DA_NoCDF,D1
7,2019,4,56.032646,DA_NoCDF,D1
7,2019,5,71.575584,DA_NoCDF,D1
7,2019,6,60.113556,DA_NoCDF,D1
7,2019,7,43.293114,DA_NoCDF,D1
7,2019,8,33.1973,DA_NoCDF,D1
7,2019,9,28.140524,DA_NoCDF,D1
7,2019,10,26.916254,DA_NoCDF,D1
7,2019,11,17.476934,DA_NoCDF,D1
7,2019,12,31.866571,DA_NoCDF,D1
7,2020,1,33.25053,DA_NoCDF,D1
7,2020,2,36.028255,DA_NoCDF,D1
7,2020,3,55.092262,DA_NoCDF,D1
7,2020,4,54.861607,DA_NoCDF,D1
7,2020,5,47.62243,DA_NoCDF,D1
7,2020,6,33.427963,DA_NoCDF,D1
7,2020,7,21.344925,DA_NoCDF,D1
7,2020,8,15.755855,DA_NoCDF,D1
7,2020,9,18.222143,DA_NoCDF,D1
7,2020,10,21.007807,DA_NoCDF,D1
7,2020,11,24.166077,DA_NoCDF,D1
7,2020,12,32.55855,DA_NoCDF,D1
8,2016,1,50.704224,DA_NoCDF,D1
8,2016,2,42.69663,DA_NoCDF,D1
8,2016,3,20.224718,DA_NoCDF,D1
8,2016,4,66.29214,DA_NoCDF,D1
8,2016,5,37.07865,DA_NoCDF,D1
8,2016,6,23.595507,DA_NoCDF,D1
8,2016,7,16.853933,DA_NoCDF,D1
8,2016,8,13.483146,DA_NoCDF,D1
8,2016,9,13.483146,DA_NoCDF,D1
8,2016,10,1.1235955,DA_NoCDF,D1
8,2016,11,1.1235955,DA_NoCDF,D1
8,2016,12,0.0,DA_NoCDF,D1
8,2017,1,0.0,DA_NoCDF,D1
8,2017,2,0.0,DA_NoCDF,D1
8,2017,3,6.741573,DA_NoCDF,D1
8,2017,4,86.51685,DA_NoCDF,D1
8,2017,5,79.775276,DA_NoCDF,D1
8,2017,6,75.2809,DA_NoCDF,D1
8,2017,7,64.044945,DA_NoCDF,D1
8,2017,8,46.067417,DA_NoCDF,D1
8,2017,9,42.69663,DA_NoCDF,D1
8,2017,10,40.449436,DA_NoCDF,D1
8,2017,11,48.314606,DA_NoCDF,D1
8,2017,12,23.595507,DA_NoCDF,D1
8,2018,1,3.3707864,DA_NoCDF,D1
8,2018,2,0.0,DA_NoCDF,D1
8,2018,3,0.0,DA_NoCDF,D1
8,2018,4,0.0,DA_NoCDF,D1
8,2018,5,23.595507,DA_NoCDF,D1
8,2018,6,14.606741,DA_NoCDF,D1
8,2018,7,14.606741,DA_NoCDF,D1
8,2018,8,16.853933,DA_NoCDF,D1
8,2018,9,15.730338,DA_NoCDF,D1
8,2018,10,0.0,DA_NoCDF,D1
8,2018,11,0.0,DA_NoCDF,D1
8,2018,12,1.1235955,DA_NoCDF,D1
8,2019,1,2.247191,DA_NoCDF,D1
8,2019,2,3.3707864,DA_NoCDF,D1
8,2019,3,64.044945,DA_NoCDF,D1
8,2019,4,40.449436,DA_NoCDF,D1
8,2019,5,80.89887,DA_NoCDF,D1
8,2019,6,70.786514,DA_NoCDF,D1
8,2019,7,61.79775,DA_NoCDF,D1
8,2019,8,64.044945,DA_NoCDF,D1
8,2019,9,48.314606,DA_NoCDF,D1
8,2019,10,28.089888,DA_NoCDF,D1
8,2019,11,7.865169,DA_NoCDF,D1
8,2019,12,5.6179776,DA_NoCDF,D1
8,2020,1,4.494382,DA_NoCDF,D1
8,2020,2,8.988764,DA_NoCDF,D1
8,2020,3,44.94382,DA_NoCDF,D1
8,2020,4,32.58427,DA_NoCDF,D1
8,2020,5,41.573032,DA_NoCDF,D1
8,2020,6,32.58427,DA_NoCDF,D1
8,2020,7,26.966291,DA_NoCDF,D1
8,2020,8,22.47191,DA_NoCDF,D1
8,2020,9,24.7191,DA_NoCDF,D1
8,2020,10,15.730338,DA_NoCDF,D1
8,2020,11,14.606741,DA_NoCDF,D1
8,2020,12,11.235955,DA_NoCDF,D1
9,2016,1,100.0,DA_NoCDF,D1
9,2016,2,100.0,DA_NoCDF,D1
9,2016,3,38.46154,DA_NoCDF,D1
9,2016,4,23.076923,DA_NoCDF,D1
9,2016,5,23.076923,DA_NoCDF,D1
9,2016,6,7.692308,DA_NoCDF,D1
9,2016,7,7.692308,DA_NoCDF,D1
9,2016,8,7.692308,DA_NoCDF,D1
9,2016,9,7.692308,DA_NoCDF,D1
9,2016,10,7.692308,DA_NoCDF,D1
9,2016,11,0.0,DA_NoCDF,D1
9,2016,12,0.0,DA_NoCDF,D1
9,2017,1,0.0,DA_NoCDF,D1
9,2017,2,0.0,DA_NoCDF,D1
9,2017,3,7.692308,DA_NoCDF,D1
9,2017,4,23.076923,DA_NoCDF,D1
9,2017,5,23.076923,DA_NoCDF,D1
9,2017,6,30.769232,DA_NoCDF,D1
9,2017,7,23.076923,DA_NoCDF,D1
9,2017,8,15.384616,DA_NoCDF,D1
9,2017,9,23.076923,DA_NoCDF,D1
9,2017,10,69.230774,DA_NoCDF,D1
9,2017,11,100.0,DA_NoCDF,D1
9,2017,12,84.61539,DA_NoCDF,D1
9,2018,1,0.0,DA_NoCDF,D1
9,2018,2,0.0,DA_NoCDF,D1
9,2018,3,0.0,DA_NoCDF,D1
9,2018,4,7.692308,DA_NoCDF,D1
9,2018,5,7.692308,DA_NoCDF,D1
9,2018,6,7.692308,DA_NoCDF,D1
9,2018,7,7.692308,DA_NoCDF,D1
9,2018,8,7.692308,DA_NoCDF,D1
9,2018,9,7.692308,DA_NoCDF,D1
9,2018,10,0.0,DA_NoCDF,D1
9,2018,11,0.0,DA_NoCDF,D1
9,2018,12,0.0,DA_NoCDF,D1
9,2019,1,0.0,DA_NoCDF,D1
9,2019,2,0.0,DA_NoCDF,D1
9,2019,3,15.384616,DA_NoCDF,D1
9,2019,4,15.384616,DA_NoCDF,D1
9,2019,5,76.92308,DA_NoCDF,D1
9,2019,6,69.230774,DA_NoCDF,D1
9,2019,7,53.846157,DA_NoCDF,D1
9,2019,8,84.61539,DA_NoCDF,D1
9,2019,9,92.30769,DA_NoCDF,D1
9,2019,10,46.153847,DA_NoCDF,D1
9,2019,11,7.692308,DA_NoCDF,D1
9,2019,12,15.384616,DA_NoCDF,D1
9,2020,1,15.384616,DA_NoCDF,D1
9,2020,2,15.384616,DA_NoCDF,D1
9,2020,3,53.846157,DA_NoCDF,D1
9,2020,4,69.230774,DA_NoCDF,D1
9,2020,5,23.076923,DA_NoCDF,D1
9,2020,6,15.384616,DA_NoCDF,D1
9,2020,7,15.384616,DA_NoCDF,D1
9,2020,8,0.0,DA_NoCDF,D1
9,2020,9,0.0,DA_NoCDF,D1
9,2020,10,0.0,DA_NoCDF,D1
9,2020,11,7.692308,DA_NoCDF,D1
9,2020,12,30.769232,DA_NoCDF,D1
10,2016,1,78.67036,DA_NoCDF,D1
10,2016,2,80.206184,DA_NoCDF,D1
10,2016,3,58.36237,DA_NoCDF,D1
10,2016,4,81.35889,DA_NoCDF,D1
10,2016,5,76.480835,DA_NoCDF,D1
10,2016,6,69.33798,DA_NoCDF,D1
10,2016,7,40.418118,DA_NoCDF,D1
10,2016,8,21.254354,DA_NoCDF,D1
10,2016,9,19.68641,DA_NoCDF,D1
10,2016,10,14.808363,DA_NoCDF,D1
10,2016,11,16.202091,DA_NoCDF,D1
10,2016,12,7.1428576,DA_NoCDF,D1
10,2017,1,6.445993,DA_NoCDF,D1
10,2017,2,7.317073,DA_NoCDF,D1
10,2017,3,11.672474,DA_NoCDF,D1
10,2017,4,52.09059,DA_NoCDF,D1
10,2017,5,65.85366,DA_NoCDF,D1
10,2017,6,54.529617,DA_NoCDF,D1
10,2017,7,39.024387,DA_NoCDF,D1
10,2017,8,27.1777,DA_NoCDF,D1
10,2017,9,30.662022,DA_NoCDF,D1
10,2017,10,32.05575,DA_NoCDF,D1
10,2017,11,60.45296,DA_NoCDF,D1
10,2017,12,44.076653,DA_NoCDF,D1
10,2018,1,19.860626,DA_NoCDF,D1
10,2018,2,16.027876,DA_NoCDF,D1
10,2018,3,5.0522647,DA_NoCDF,D1
10,2018,4,25.958189,DA_NoCDF,D1
10,2018,5,23.344948,DA_NoCDF,D1
10,2018,6,26.480835,DA_NoCDF,D1
10,2018,7,21.254354,DA_NoCDF,D1
10,2018,8,22.473867,DA_NoCDF,D1
10,2018,9,20.383274,DA_NoCDF,D1
10,2018,10,10.104529,DA_NoCDF,D1
10,2018,11,2.7874565,DA_NoCDF,D1
10,2018,12,8.36237,DA_NoCDF,D1
10,2019,1,12.195122,DA_NoCDF,D1
10,2019,2,20.383274,DA_NoCDF,D1
10,2019,3,45.6446,DA_NoCDF,D1
10,2019,4,60.80139,DA_NoCDF,D1
10,2019,5,74.912895,DA_NoCDF,D1
10,2019,6,76.30662,DA_NoCDF,D1
10,2019,7,70.90592,DA_NoCDF,D1
10,2019,8,52.78746,DA_NoCDF,D1
10,2019,9,38.675957,DA_NoCDF,D1
10,2019,10,41.986065,DA_NoCDF,D1
10,2019,11,38.501743,DA_NoCDF,D1
10,2019,12,46.86411,DA_NoCDF,D1
10,2020,1,47.90941,DA_NoCDF,D1
10,2020,2,45.97938,DA_NoCDF,D1
10,2020,3,70.731705,DA_NoCDF,D1
10,2020,4,73.69338,DA_NoCDF,D1
10,2020,5,75.087105,DA_NoCDF,D1
10,2020,6,62.19512,DA_NoCDF,D1
10,2020,7,44.425087,DA_NoCDF,D1
10,2020,8,24.216028,DA_NoCDF,D1
10,2020,9,23.170732,DA_NoCDF,D1
10,2020,10,20.905924,DA_NoCDF,D1
10,2020,11,21.95122,DA_NoCDF,D1
10,2020,12,31.707317,DA_NoCDF,D1
12,2016,1,82.77027,DA_NoCDF,D1
12,2016,2,79.53737,DA_NoCDF,D1
12,2016,3,34.605145,DA_NoCDF,D1
12,2016,4,46.938778,DA_NoCDF,D1
12,2016,5,33.629105,DA_NoCDF,D1
12,2016,6,28.837622,DA_NoCDF,D1
12,2016,7,23.247559,DA_NoCDF,D1
12,2016,8,21.6504,DA_NoCDF,D1
12,2016,9,26.796806,DA_NoCDF,D1
12,2016,10,13.043478,DA_NoCDF,D1
12,2016,11,6.122449,DA_NoCDF,D1
12,2016,12,0.44365573,DA_NoCDF,D1
12,2017,1,0.88731146,DA_NoCDF,D1
12,2017,2,1.7746229,DA_NoCDF,D1
12,2017,3,17.657497,DA_NoCDF,D1
12,2017,4,58.828747,DA_NoCDF,D1
12,2017,5,60.248447,DA_NoCDF,D1
12,2017,6,59.982254,DA_NoCDF,D1
12,2017,7,52.972496,DA_NoCDF,D1
12,2017,8,32.56433,DA_NoCDF,D1
12,2017,9,33.45164,DA_NoCDF,D1
12,2017,10,49.51198,DA_NoCDF,D1
12,2017,11,81.100266,DA_NoCDF,D1
12,2017,12,45.874004,DA_NoCDF,D1
12,2018,1,7.6308784,DA_NoCDF,D1
12,2018,2,2.484472,DA_NoCDF,D1
12,2018,3,2.3070097,DA_NoCDF,D1
12,2018,4,9.582964,DA_NoCDF,D1
12,2018,5,20.05324,DA_NoCDF,D1
12,2018,6,26.175686,DA_NoCDF,D1
12,2018,7,37.97693,DA_NoCDF,D1
12,2018,8,48.97959,DA_NoCDF,D1
12,2018,9,42.324753,DA_NoCDF,D1
12,2018,10,17.302572,DA_NoCDF,D1
12,2018,11,0.9760426,DA_NoCDF,D1
12,2018,12,7.9858027,DA_NoCDF,D1
12,2019,1,10.02662,DA_NoCDF,D1
12,2019,2,9.228039,DA_NoCDF,D1
12,2019,3,52.883762,DA_NoCDF,D1
12,2019,4,59.893524,DA_NoCDF,D1
12,2019,5,79.14818,DA_NoCDF,D1
12,2019,6,69.21029,DA_NoCDF,D1
12,2019,7,42.50222,DA_NoCDF,D1
12,2019,8,38.952972,DA_NoCDF,D1
12,2019,9,35.0488,DA_NoCDF,D1
12,2019,10,42.67968,DA_NoCDF,D1
12,2019,11,18.54481,DA_NoCDF,D1
12,2019,12,38.68678,DA_NoCDF,D1
12,2020,1,37.8882,DA_NoCDF,D1
12,2020,2,36.921707,DA_NoCDF,D1
12,2020,3,77.72848,DA_NoCDF,D1
12,2020,4,61.668144,DA_NoCDF,D1
12,2020,5,42.59095,DA_NoCDF,D1
12,2020,6,26.175686,DA_NoCDF,D1
12,2020,7,25.73203,DA_NoCDF,D1
12,2020,8,19.609583,DA_NoCDF,D1
12,2020,9,22.360249,DA_NoCDF,D1
12,2020,10,20.14197,DA_NoCDF,D1
12,2020,11,23.158829,DA_NoCDF,D1
12,2020,12,39.130436,DA_NoCDF,D1
13,2016,1,85.333336,DA_NoCDF,D1
13,2016,2,73.68421,DA_NoCDF,D1
13,2016,3,41.025642,DA_NoCDF,D1
13,2016,4,52.136757,DA_NoCDF,D1
13,2016,5,43.589745,DA_NoCDF,D1
13,2016,6,43.589745,DA_NoCDF,D1
13,2016,7,42.735043,DA_NoCDF,D1
13,2016,8,43.589745,DA_NoCDF,D1
13,2016,9,46.153847,DA_NoCDF,D1
13,2016,10,40.17094,DA_NoCDF,D1
13,2016,11,37.60684,DA_NoCDF,D1
13,2016,12,35.042736,DA_NoCDF,D1
13,2017,1,35.042736,DA_NoCDF,D1
13,2017,2,33.333336,DA_NoCDF,D1
13,2017,3,34.188034,DA_NoCDF,D1
13,2017,4,35.897438,DA_NoCDF,D1
13,2017,5,39.31624,DA_NoCDF,D1
13,2017,6,36.752136,DA_NoCDF,D1
13,2017,7,37.60684,DA_NoCDF,D1
13,2017,8,37.60684,DA_NoCDF,D1
13,2017,9,35.042736,DA_NoCDF,D1
13,2017,10,34.188034,DA_NoCDF,D1
13,2017,11,49.57265,DA_NoCDF,D1
13,2017,12,46.153847,DA_NoCDF,D1
13,2018,1,35.042736,DA_NoCDF,D1
13,2018,2,34.188034,DA_NoCDF,D1
13,2018,3,33.333336,DA_NoCDF,D1
13,2018,4,33.333336,DA_NoCDF,D1
13,2018,5,34.188034,DA_NoCDF,D1
13,2018,6,34.188034,DA_NoCDF,D1
13,2018,7,34.188034,DA_NoCDF,D1
13,2018,8,34.188034,DA_NoCDF,D1
13,2018,9,34.188034,DA_NoCDF,D1
13,2018,10,34.188034,DA_NoCDF,D1
13,2018,11,33.333336,DA_NoCDF,D1
13,2018,12,34.188034,DA_NoCDF,D1
13,2019,1,34.188034,DA_NoCDF,D1
13,2019,2,42.735043,DA_NoCDF,D1
13,2019,3,34.188034,DA_NoCDF,D1
13,2019,4,36.752136,DA_NoCDF,D1
13,2019,5,40.17094,DA_NoCDF,D1
13,2019,6,44.444447,DA_NoCDF,D1
13,2019,7,40.17094,DA_NoCDF,D1
13,2019,8,40.17094,DA_NoCDF,D1
13,2019,9,37.60684,DA_NoCDF,D1
13,2019,10,43.589745,DA_NoCDF,D1
13,2019,11,39.31624,DA_NoCDF,D1
13,2019,12,40.17094,DA_NoCDF,D1
13,2020,1,58.97436,DA_NoCDF,D1
13,2020,2,53.68421,DA_NoCDF,D1
13,2020,3,94.0171,DA_NoCDF,D1
13,2020,4,79.48718,DA_NoCDF,D1
13,2020,5,79.48718,DA_NoCDF,D1
13,2020,6,74.35898,DA_NoCDF,D1
13,2020,7,75.21368,DA_NoCDF,D1
13,2020,8,72.649574,DA_NoCDF,D1
13,2020,9,76.92308,DA_NoCDF,D1
13,2020,10,81.19658,DA_NoCDF,D1
13,2020,11,73.50427,DA_NoCDF,D1
13,2020,12,76.92308,DA_NoCDF,D1
14,2016,1,,DA_NoCDF,D1
14,2016,2,100.0,DA_NoCDF,D1
14,2016,3,0.0,DA_NoCDF,D1
14,2016,4,0.0,DA_NoCDF,D1
14,2016,5,0.0,DA_NoCDF,D1
14,2016,6,0.0,DA_NoCDF,D1
14,2016,7,0.0,DA_NoCDF,D1
14,2016,8,0.0,DA_NoCDF,D1
14,2016,9,0.0,DA_NoCDF,D1
14,2016,10,0.0,DA_NoCDF,D1
14,2016,11,0.0,DA_NoCDF,D1
14,2016,12,0.0,DA_NoCDF,D1
14,2017,1,0.0,DA_NoCDF,D1
14,2017,2,0.0,DA_NoCDF,D1
14,2017,3,0.0,DA_NoCDF,D1
14,2017,4,0.0,DA_NoCDF,D1
14,2017,5,0.0,DA_NoCDF,D1
14,2017,6,0.0,DA_NoCDF,D1
14,2017,7,0.0,DA_NoCDF,D1
14,2017,8,0.0,DA_NoCDF,D1
14,2017,9,0.0,DA_NoCDF,D1
14,2017,10,0.0,DA_NoCDF,D1
14,2017,11,100.0,DA_NoCDF,D1
14,2017,12,0.0,DA_NoCDF,D1
14,2018,1,0.0,DA_NoCDF,D1
14,2018,2,0.0,DA_NoCDF,D1
14,2018,3,0.0,DA_NoCDF,D1
14,2018,4,0.0,DA_NoCDF,D1
14,2018,5,0.0,DA_NoCDF,D1
14,2018,6,0.0,DA_NoCDF,D1
14,2018,7,0.0,DA_NoCDF,D1
14,2018,8,0.0,DA_NoCDF,D1
14,2018,9,0.0,DA_NoCDF,D1
14,2018,10,0.0,DA_NoCDF,D1
14,2018,11,0.0,DA_NoCDF,D1
14,2018,12,0.0,DA_NoCDF,D1
14,2019,1,0.0,DA_NoCDF,D1
14,2019,2,0.0,DA_NoCDF,D1
14,2019,3,0.0,DA_NoCDF,D1
14,2019,4,0.0,DA_NoCDF,D1
14,2019,5,0.0,DA_NoCDF,D1
14,2019,6,0.0,DA_NoCDF,D1
14,2019,7,0.0,DA_NoCDF,D1
14,2019,8,100.0,DA_NoCDF,D1
14,2019,9,100.0,DA_NoCDF,D1
14,2019,10,0.0,DA_NoCDF,D1
14,2019,11,0.0,DA_NoCDF,D1
14,2019,12,0.0,DA_NoCDF,D1
14,2020,1,100.0,DA_NoCDF,D1
14,2020,2,0.0,DA_NoCDF,D1
14,2020,3,100.0,DA_NoCDF,D1
14,2020,4,100.0,DA_NoCDF,D1
14,2020,5,100.0,DA_NoCDF,D1
14,2020,6,100.0,DA_NoCDF,D1
14,2020,7,100.0,DA_NoCDF,D1
14,2020,8,0.0,DA_NoCDF,D1
14,2020,9,0.0,DA_NoCDF,D1
14,2020,10,0.0,DA_NoCDF,D1
14,2020,11,0.0,DA_NoCDF,D1
14,2020,12,100.0,DA_NoCDF,D1
16,2016,1,60.22324,DA_NoCDF,D1
16,2016,2,38.821075,DA_NoCDF,D1
16,2016,3,33.58084,DA_NoCDF,D1
16,2016,4,44.023952,DA_NoCDF,D1
16,2016,5,36.922157,DA_NoCDF,D1
16,2016,6,35.341316,DA_NoCDF,D1
16,2016,7,30.742514,DA_NoCDF,D1
16,2016,8,32.502995,DA_NoCDF,D1
16,2016,9,39.652695,DA_NoCDF,D1
16,2016,10,42.982037,DA_NoCDF,D1
16,2016,11,45.497005,DA_NoCDF,D1
16,2016,12,38.958084,DA_NoCDF,D1
16,2017,1,56.311375,DA_NoCDF,D1
16,2017,2,54.802395,DA_NoCDF,D1
16,2017,3,63.56886,DA_NoCDF,D1
16,2017,4,72.61078,DA_NoCDF,D1
16,2017,5,65.17365,DA_NoCDF,D1
16,2017,6,54.035927,DA_NoCDF,D1
16,2017,7,54.574852,DA_NoCDF,D1
16,2017,8,54.862274,DA_NoCDF,D1
16,2017,9,69.83234,DA_NoCDF,D1
16,2017,10,58.155685,DA_NoCDF,D1
16,2017,11,69.52096,DA_NoCDF,D1
16,2017,12,64.946106,DA_NoCDF,D1
16,2018,1,64.61078,DA_NoCDF,D1
16,2018,2,61.928143,DA_NoCDF,D1
16,2018,3,72.10779,DA_NoCDF,D1
16,2018,4,83.053894,DA_NoCDF,D1
16,2018,5,70.19161,DA_NoCDF,D1
16,2018,6,74.5988,DA_NoCDF,D1
16,2018,7,76.19162,DA_NoCDF,D1
16,2018,8,65.065865,DA_NoCDF,D1
16,2018,9,72.58683,DA_NoCDF,D1
16,2018,10,79.62874,DA_NoCDF,D1
16,2018,11,77.72455,DA_NoCDF,D1
16,2018,12,86.79042,DA_NoCDF,D1
16,2019,1,88.82635,DA_NoCDF,D1
16,2019,2,90.443115,DA_NoCDF,D1
16,2019,3,85.77245,DA_NoCDF,D1
16,2019,4,79.54491,DA_NoCDF,D1
16,2019,5,86.35928,DA_NoCDF,D1
16,2019,6,85.01796,DA_NoCDF,D1
16,2019,7,86.17964,DA_NoCDF,D1
16,2019,8,86.335335,DA_NoCDF,D1
16,2019,9,85.20958,DA_NoCDF,D1
16,2019,10,88.13174,DA_NoCDF,D1
16,2019,11,90.47904,DA_NoCDF,D1
16,2019,12,90.57485,DA_NoCDF,D1
16,2020,1,89.724556,DA_NoCDF,D1
16,2020,2,91.18214,DA_NoCDF,D1
16,2020,3,88.467064,DA_NoCDF,D1
16,2020,4,83.01796,DA_NoCDF,D1
16,2020,5,86.634735,DA_NoCDF,D1
16,2020,6,87.22156,DA_NoCDF,D1
16,2020,7,87.00599,DA_NoCDF,D1
16,2020,8,88.02396,DA_NoCDF,D1
16,2020,9,88.21557,DA_NoCDF,D1
16,2020,10,89.02994,DA_NoCDF,D1
16,2020,11,84.40719,DA_NoCDF,D1
16,2020,12,86.862274,DA_NoCDF,D1
1,2016,1,53.333336,DA_NoCDF,D2
1,2016,2,45.0,DA_NoCDF,D2
1,2016,3,0.0,DA_NoCDF,D2
1,2016,4,18.181818,DA_NoCDF,D2
1,2016,5,13.636364,DA_NoCDF,D2
1,2016,6,13.636364,DA_NoCDF,D2
1,2016,7,13.636364,DA_NoCDF,D2
1,2016,8,18.181818,DA_NoCDF,D2
1,2016,9,36.363636,DA_NoCDF,D2
1,2016,10,9.090909,DA_NoCDF,D2
1,2016,11,0.0,DA_NoCDF,D2
1,2016,12,0.0,DA_NoCDF,D2
1,2017,1,0.0,DA_NoCDF,D2
1,2017,2,0.0,DA_NoCDF,D2
1,2017,3,0.0,DA_NoCDF,D2
1,2017,4,0.0,DA_NoCDF,D2
1,2017,5,22.727274,DA_NoCDF,D2
1,2017,6,9.090909,DA_NoCDF,D2
1,2017,7,13.636364,DA_NoCDF,D2
1,2017,8,9.090909,DA_NoCDF,D2
1,2017,9,4.5454545,DA_NoCDF,D2
1,2017,10,0.0,DA_NoCDF,D2
1,2017,11,31.818182,DA_NoCDF,D2
1,2017,12,13.636364,DA_NoCDF,D2
1,2018,1,9.090909,DA_NoCDF,D2
1,2018,2,0.0,DA_NoCDF,D2
1,2018,3,0.0,DA_NoCDF,D2
1,2018,4,0.0,DA_NoCDF,D2
1,2018,5,0.0,DA_NoCDF,D2
1,2018,6,0.0,DA_NoCDF,D2
1,2018,7,0.0,DA_NoCDF,D2
1,2018,8,0.0,DA_NoCDF,D2
1,2018,9,0.0,DA_NoCDF,D2
1,2018,10,0.0,DA_NoCDF,D2
1,2018,11,0.0,DA_NoCDF,D2
1,2018,12,0.0,DA_NoCDF,D2
1,2019,1,0.0,DA_NoCDF,D2
1,2019,2,9.090909,DA_NoCDF,D2
1,2019,3,0.0,DA_NoCDF,D2
1,2019,4,4.5454545,DA_NoCDF,D2
1,2019,5,4.5454545,DA_NoCDF,D2
1,2019,6,4.5454545,DA_NoCDF,D2
1,2019,7,0.0,DA_NoCDF,D2
1,2019,8,0.0,DA_NoCDF,D2
1,2019,9,0.0,DA_NoCDF,D2
1,2019,10,4.5454545,DA_NoCDF,D2
1,2019,11,9.090909,DA_NoCDF,D2
1,2019,12,9.090909,DA_NoCDF,D2
1,2020,1,13.636364,DA_NoCDF,D2
1,2020,2,10.0,DA_NoCDF,D2
1,2020,3,63.636364,DA_NoCDF,D2
1,2020,4,18.181818,DA_NoCDF,D2
1,2020,5,22.727274,DA_NoCDF,D2
1,2020,6,18.181818,DA_NoCDF,D2
1,2020,7,18.181818,DA_NoCDF,D2
1,2020,8,13.636364,DA_NoCDF,D2
1,2020,9,13.636364,DA_NoCDF,D2
1,2020,10,18.181818,DA_NoCDF,D2
1,2020,11,18.181818,DA_NoCDF,D2
1,2020,12,27.272728,DA_NoCDF,D2
2,2016,1,20.0,DA_NoCDF,D2
2,2016,2,25.0,DA_NoCDF,D2
2,2016,3,0.0,DA_NoCDF,D2
2,2016,4,50.0,DA_NoCDF,D2
2,2016,5,0.0,DA_NoCDF,D2
2,2016,6,0.0,DA_NoCDF,D2
2,2016,7,0.0,DA_NoCDF,D2
2,2016,8,0.0,DA_NoCDF,D2
2,2016,9,12.5,DA_NoCDF,D2
2,2016,10,0.0,DA_NoCDF,D2
2,2016,11,0.0,DA_NoCDF,D2
2,2016,12,0.0,DA_NoCDF,D2
2,2017,1,0.0,DA_NoCDF,D2
2,2017,2,0.0,DA_NoCDF,D2
2,2017,3,0.0,DA_NoCDF,D2
2,2017,4,0.0,DA_NoCDF,D2
2,2017,5,0.0,DA_NoCDF,D2
2,2017,6,0.0,DA_NoCDF,D2
2,2017,7,0.0,DA_NoCDF,D2
2,2017,8,0.0,DA_NoCDF,D2
2,2017,9,0.0,DA_NoCDF,D2
2,2017,10,0.0,DA_NoCDF,D2
2,2017,11,75.0,DA_NoCDF,D2
2,2017,12,50.0,DA_NoCDF,D2
2,2018,1,0.0,DA_NoCDF,D2
2,2018,2,0.0,DA_NoCDF,D2
2,2018,3,0.0,DA_NoCDF,D2
2,2018,4,0.0,DA_NoCDF,D2
2,2018,5,0.0,DA_NoCDF,D2
2,2018,6,0.0,DA_NoCDF,D2
2,2018,7,0.0,DA_NoCDF,D2
2,2018,8,0.0,DA_NoCDF,D2
2,2018,9,0.0,DA_NoCDF,D2
2,2018,10,0.0,DA_NoCDF,D2
2,2018,11,0.0,DA_NoCDF,D2
2,2018,12,0.0,DA_NoCDF,D2
2,2019,1,0.0,DA_NoCDF,D2
2,2019,2,0.0,DA_NoCDF,D2
2,2019,3,0.0,DA_NoCDF,D2
2,2019,4,0.0,DA_NoCDF,D2
2,2019,5,75.0,DA_NoCDF,D2
2,2019,6,50.0,DA_NoCDF,D2
2,2019,7,37.5,DA_NoCDF,D2
2,2019,8,25.0,DA_NoCDF,D2
2,2019,9,12.5,DA_NoCDF,D2
2,2019,10,37.5,DA_NoCDF,D2
2,2019,11,0.0,DA_NoCDF,D2
2,2019,12,0.0,DA_NoCDF,D2
2,2020,1,12.5,DA_NoCDF,D2
2,2020,2,12.5,DA_NoCDF,D2
2,2020,3,62.5,DA_NoCDF,D2
2,2020,4,0.0,DA_NoCDF,D2
2,2020,5,0.0,DA_NoCDF,D2
2,2020,6,0.0,DA_NoCDF,D2
2,2020,7,0.0,DA_NoCDF,D2
2,2020,8,0.0,DA_NoCDF,D2
2,2020,9,0.0,DA_NoCDF,D2
2,2020,10,0.0,DA_NoCDF,D2
2,2020,11,0.0,DA_NoCDF,D2
2,2020,12,0.0,DA_NoCDF,D2
3,2016,1,50.0,DA_NoCDF,D2
3,2016,2,50.0,DA_NoCDF,D2
3,2016,3,0.0,DA_NoCDF,D2
3,2016,4,0.0,DA_NoCDF,D2
3,2016,5,0.0,DA_NoCDF,D2
3,2016,6,50.0,DA_NoCDF,D2
3,2016,7,50.0,DA_NoCDF,D2
3,2016,8,100.0,DA_NoCDF,D2
3,2016,9,0.0,DA_NoCDF,D2
3,2016,10,0.0,DA_NoCDF,D2
3,2016,11,0.0,DA_NoCDF,D2
3,2016,12,0.0,DA_NoCDF,D2
3,2017,1,0.0,DA_NoCDF,D2
3,2017,2,0.0,DA_NoCDF,D2
3,2017,3,0.0,DA_NoCDF,D2
3,2017,4,0.0,DA_NoCDF,D2
3,2017,5,50.0,DA_NoCDF,D2
3,2017,6,50.0,DA_NoCDF,D2
3,2017,7,0.0,DA_NoCDF,D2
3,2017,8,0.0,DA_NoCDF,D2
3,2017,9,0.0,DA_NoCDF,D2
3,2017,10,50.0,DA_NoCDF,D2
3,2017,11,50.0,DA_NoCDF,D2
3,2017,12,0.0,DA_NoCDF,D2
3,2018,1,0.0,DA_NoCDF,D2
3,2018,2,0.0,DA_NoCDF,D2
3,2018,3,0.0,DA_NoCDF,D2
3,2018,4,0.0,DA_NoCDF,D2
3,2018,5,0.0,DA_NoCDF,D2
3,2018,6,0.0,DA_NoCDF,D2
3,2018,7,0.0,DA_NoCDF,D2
3,2018,8,0.0,DA_NoCDF,D2
3,2018,9,0.0,DA_NoCDF,D2
3,2018,10,0.0,DA_NoCDF,D2
3,2018,11,0.0,DA_NoCDF,D2
3,2018,12,0.0,DA_NoCDF,D2
3,2019,1,0.0,DA_NoCDF,D2
3,2019,2,0.0,DA_NoCDF,D2
3,2019,3,0.0,DA_NoCDF,D2
3,2019,4,0.0,DA_NoCDF,D2
3,2019,5,0.0,DA_NoCDF,D2
3,2019,6,0.0,DA_NoCDF,D2
3,2019,7,0.0,DA_NoCDF,D2
3,2019,8,0.0,DA_NoCDF,D2
3,2019,9,0.0,DA_NoCDF,D2
3,2019,10,0.0,DA_NoCDF,D2
3,2019,11,0.0,DA_NoCDF,D2
3,2019,12,0.0,DA_NoCDF,D2
3,2020,1,0.0,DA_NoCDF,D2
3,2020,2,0.0,DA_NoCDF,D2
3,2020,3,0.0,DA_NoCDF,D2
3,2020,4,0.0,DA_NoCDF,D2
3,2020,5,0.0,DA_NoCDF,D2
3,2020,6,0.0,DA_NoCDF,D2
3,2020,7,0.0,DA_NoCDF,D2
3,2020,8,0.0,DA_NoCDF,D2
3,2020,9,0.0,DA_NoCDF,D2
3,2020,10,0.0,DA_NoCDF,D2
3,2020,11,0.0,DA_NoCDF,D2
3,2020,12,50.0,DA_NoCDF,D2
5,2016,1,50.0,DA_NoCDF,D2
5,2016,2,40.54054,DA_NoCDF,D2
5,2016,3,13.513513,DA_NoCDF,D2
5,2016,4,32.43243,DA_NoCDF,D2
5,2016,5,27.027025,DA_NoCDF,D2
5,2016,6,27.027025,DA_NoCDF,D2
5,2016,7,18.918919,DA_NoCDF,D2
5,2016,8,18.918919,DA_NoCDF,D2
5,2016,9,21.621622,DA_NoCDF,D2
5,2016,10,16.216215,DA_NoCDF,D2
5,2016,11,5.4054055,DA_NoCDF,D2
5,2016,12,2.7027028,DA_NoCDF,D2
5,2017,1,2.7027028,DA_NoCDF,D2
5,2017,2,0.0,DA_NoCDF,D2
5,2017,3,2.7027028,DA_NoCDF,D2
5,2017,4,35.135136,DA_NoCDF,D2
5,2017,5,45.945946,DA_NoCDF,D2
5,2017,6,56.75676,DA_NoCDF,D2
5,2017,7,40.54054,DA_NoCDF,D2
5,2017,8,32.43243,DA_NoCDF,D2
5,2017,9,27.027025,DA_NoCDF,D2
5,2017,10,24.324326,DA_NoCDF,D2
5,2017,11,29.72973,DA_NoCDF,D2
5,2017,12,21.621622,DA_NoCDF,D2
5,2018,1,8.108108,DA_NoCDF,D2
5,2018,2,0.0,DA_NoCDF,D2
5,2018,3,0.0,DA_NoCDF,D2
5,2018,4,0.0,DA_NoCDF,D2
5,2018,5,13.513513,DA_NoCDF,D2
5,2018,6,16.216215,DA_NoCDF,D2
5,2018,7,16.216215,DA_NoCDF,D2
5,2018,8,8.108108,DA_NoCDF,D2
5,2018,9,8.108108,DA_NoCDF,D2
5,2018,10,0.0,DA_NoCDF,D2
5,2018,11,0.0,DA_NoCDF,D2
5,2018,12,5.4054055,DA_NoCDF,D2
5,2019,1,8.108108,DA_NoCDF,D2
5,2019,2,0.0,DA_NoCDF,D2
5,2019,3,27.027025,DA_NoCDF,D2
5,2019,4,24.324326,DA_NoCDF,D2
5,2019,5,64.86486,DA_NoCDF,D2
5,2019,6,43.243244,DA_NoCDF,D2
5,2019,7,35.135136,DA_NoCDF,D2
5,2019,8,29.72973,DA_NoCDF,D2
5,2019,9,29.72973,DA_NoCDF,D2
5,2019,10,24.324326,DA_NoCDF,D2
5,2019,11,0.0,DA_NoCDF,D2
5,2019,12,5.4054055,DA_NoCDF,D2
5,2020,1,10.810811,DA_NoCDF,D2
5,2020,2,8.108108,DA_NoCDF,D2
5,2020,3,32.43243,DA_NoCDF,D2
5,2020,4,21.621622,DA_NoCDF,D2
5,2020,5,21.621622,DA_NoCDF,D2
5,2020,6,18.918919,DA_NoCDF,D2
5,2020,7,21.621622,DA_NoCDF,D2
5,2020,8,18.918919,DA_NoCDF,D2
5,2020,9,24.324326,DA_NoCDF,D2
5,2020,10,21.621622,DA_NoCDF,D2
5,2020,11,13.513513,DA_NoCDF,D2
5,2020,12,27.027025,DA_NoCDF,D2
6,2016,1,44.444447,DA_NoCDF,D2
6,2016,2,52.941177,DA_NoCDF,D2
6,2016,3,40.74074,DA_NoCDF,D2
6,2016,4,64.81481,DA_NoCDF,D2
6,2016,5,53.7037,DA_NoCDF,D2
6,2016,6,46.296295,DA_NoCDF,D2
6,2016,7,14.814815,DA_NoCDF,D2
6,2016,8,9.259259,DA_NoCDF,D2
6,2016,9,9.259259,DA_NoCDF,D2
6,2016,10,7.4074073,DA_NoCDF,D2
6,2016,11,1.8518518,DA_NoCDF,D2
6,2016,12,1.8518518,DA_NoCDF,D2
6,2017,1,5.555556,DA_NoCDF,D2
6,2017,2,5.555556,DA_NoCDF,D2
6,2017,3,5.555556,DA_NoCDF,D2
6,2017,4,22.222223,DA_NoCDF,D2
6,2017,5,40.74074,DA_NoCDF,D2
6,2017,6,35.185184,DA_NoCDF,D2
6,2017,7,18.518518,DA_NoCDF,D2
6,2017,8,7.4074073,DA_NoCDF,D2
6,2017,9,7.4074073,DA_NoCDF,D2
6,2017,10,12.962963,DA_NoCDF,D2
6,2017,11,33.333336,DA_NoCDF,D2
6,2017,12,11.111112,DA_NoCDF,D2
6,2018,1,5.555556,DA_NoCDF,D2
6,2018,2,7.4074073,DA_NoCDF,D2
6,2018,3,1.8518518,DA_NoCDF,D2
6,2018,4,5.555556,DA_NoCDF,D2
6,2018,5,12.962963,DA_NoCDF,D2
6,2018,6,16.666668,DA_NoCDF,D2
6,2018,7,7.4074073,DA_NoCDF,D2
6,2018,8,1.8518518,DA_NoCDF,D2
6,2018,9,1.8518518,DA_NoCDF,D2
6,2018,10,5.555556,DA_NoCDF,D2
6,2018,11,0.0,DA_NoCDF,D2
6,2018,12,5.555556,DA_NoCDF,D2
6,2019,1,5.555556,DA_NoCDF,D2
6,2019,2,29.62963,DA_NoCDF,D2
6,2019,3,18.518518,DA_NoCDF,D2
6,2019,4,14.814815,DA_NoCDF,D2
6,2019,5,53.7037,DA_NoCDF,D2
6,2019,6,51.851852,DA_NoCDF,D2
6,2019,7,27.777779,DA_NoCDF,D2
6,2019,8,14.814815,DA_NoCDF,D2
6,2019,9,11.111112,DA_NoCDF,D2
6,2019,10,18.518518,DA_NoCDF,D2
6,2019,11,12.962963,DA_NoCDF,D2
6,2019,12,11.111112,DA_NoCDF,D2
6,2020,1,20.37037,DA_NoCDF,D2
6,2020,2,14.705883,DA_NoCDF,D2
6,2020,3,33.333336,DA_NoCDF,D2
6,2020,4,48.148148,DA_NoCDF,D2
6,2020,5,51.851852,DA_NoCDF,D2
6,2020,6,40.74074,DA_NoCDF,D2
6,2020,7,11.111112,DA_NoCDF,D2
6,2020,8,3.7037036,DA_NoCDF,D2
6,2020,9,1.8518518,DA_NoCDF,D2
6,2020,10,3.7037036,DA_NoCDF,D2
6,2020,11,3.7037036,DA_NoCDF,D2
6,2020,12,20.37037,DA_NoCDF,D2
7,2016,1,67.86794,DA_NoCDF,D2
7,2016,2,68.03375,DA_NoCDF,D2
7,2016,3,49.467705,DA_NoCDF,D2
7,2016,4,62.704044,DA_NoCDF,D2
7,2016,5,54.25834,DA_NoCDF,D2
7,2016,6,42.104332,DA_NoCDF,D2
7,2016,7,25.05323,DA_NoCDF,D2
7,2016,8,16.678495,DA_NoCDF,D2
7,2016,9,17.565649,DA_NoCDF,D2
7,2016,10,17.086586,DA_NoCDF,D2
7,2016,11,17.583393,DA_NoCDF,D2
7,2016,12,9.226402,DA_NoCDF,D2
7,2017,1,9.439319,DA_NoCDF,D2
7,2017,2,10.894251,DA_NoCDF,D2
7,2017,3,19.002838,DA_NoCDF,D2
7,2017,4,46.43364,DA_NoCDF,D2
7,2017,5,56.22782,DA_NoCDF,D2
7,2017,6,44.783535,DA_NoCDF,D2
7,2017,7,32.895668,DA_NoCDF,D2
7,2017,8,23.172464,DA_NoCDF,D2
7,2017,9,23.225693,DA_NoCDF,D2
7,2017,10,26.348475,DA_NoCDF,D2
7,2017,11,32.84244,DA_NoCDF,D2
7,2017,12,23.119234,DA_NoCDF,D2
7,2018,1,13.289566,DA_NoCDF,D2
7,2018,2,11.266856,DA_NoCDF,D2
7,2018,3,14.212208,DA_NoCDF,D2
7,2018,4,26.064583,DA_NoCDF,D2
7,2018,5,29.559973,DA_NoCDF,D2
7,2018,6,26.579132,DA_NoCDF,D2
7,2018,7,20.759403,DA_NoCDF,D2
7,2018,8,19.2335,DA_NoCDF,D2
7,2018,9,14.709014,DA_NoCDF,D2
7,2018,10,10.042583,DA_NoCDF,D2
7,2018,11,4.5422287,DA_NoCDF,D2
7,2018,12,13.963803,DA_NoCDF,D2
7,2019,1,18.523775,DA_NoCDF,D2
7,2019,2,23.704756,DA_NoCDF,D2
7,2019,3,38.928318,DA_NoCDF,D2
7,2019,4,44.499645,DA_NoCDF,D2
7,2019,5,62.63307,DA_NoCDF,D2
7,2019,6,49.467705,DA_NoCDF,D2
7,2019,7,33.605392,DA_NoCDF,D2
7,2019,8,25.390348,DA_NoCDF,D2
7,2019,9,20.84812,DA_NoCDF,D2
7,2019,10,21.77076,DA_NoCDF,D2
7,2019,11,11.586232,DA_NoCDF,D2
7,2019,12,22.97729,DA_NoCDF,D2
7,2020,1,24.574167,DA_NoCDF,D2
7,2020,2,27.629513,DA_NoCDF,D2
7,2020,3,42.61888,DA_NoCDF,D2
7,2020,4,44.765793,DA_NoCDF,D2
7,2020,5,42.281757,DA_NoCDF,D2
7,2020,6,29.276081,DA_NoCDF,D2
7,2020,7,18.115685,DA_NoCDF,D2
7,2020,8,13.041164,DA_NoCDF,D2
7,2020,9,14.833215,DA_NoCDF,D2
7,2020,10,15.507452,DA_NoCDF,D2
7,2020,11,16.58978,DA_NoCDF,D2
7,2020,12,24.07736,DA_NoCDF,D2
8,2016,1,26.760563,DA_NoCDF,D2
8,2016,2,28.089888,DA_NoCDF,D2
8,2016,3,15.730338,DA_NoCDF,D2
8,2016,4,60.674156,DA_NoCDF,D2
8,2016,5,30.337078,DA_NoCDF,D2
8,2016,6,22.47191,DA_NoCDF,D2
8,2016,7,13.483146,DA_NoCDF,D2
8,2016,8,11.235955,DA_NoCDF,D2
8,2016,9,12.35955,DA_NoCDF,D2
8,2016,10,0.0,DA_NoCDF,D2
8,2016,11,1.1235955,DA_NoCDF,D2
8,2016,12,0.0,DA_NoCDF,D2
8,2017,1,0.0,DA_NoCDF,D2
8,2017,2,0.0,DA_NoCDF,D2
8,2017,3,3.3707864,DA_NoCDF,D2
8,2017,4,71.91011,DA_NoCDF,D2
8,2017,5,74.1573,DA_NoCDF,D2
8,2017,6,74.1573,DA_NoCDF,D2
8,2017,7,57.303368,DA_NoCDF,D2
8,2017,8,41.573032,DA_NoCDF,D2
8,2017,9,37.07865,DA_NoCDF,D2
8,2017,10,32.58427,DA_NoCDF,D2
8,2017,11,32.58427,DA_NoCDF,D2
8,2017,12,19.101124,DA_NoCDF,D2
8,2018,1,0.0,DA_NoCDF,D2
8,2018,2,0.0,DA_NoCDF,D2
8,2018,3,0.0,DA_NoCDF,D2
8,2018,4,0.0,DA_NoCDF,D2
8,2018,5,19.101124,DA_NoCDF,D2
8,2018,6,14.606741,DA_NoCDF,D2
8,2018,7,11.235955,DA_NoCDF,D2
8,2018,8,15.730338,DA_NoCDF,D2
8,2018,9,14.606741,DA_NoCDF,D2
8,2018,10,0.0,DA_NoCDF,D2
8,2018,11,0.0,DA_NoCDF,D2
8,2018,12,1.1235955,DA_NoCDF,D2
8,2019,1,1.1235955,DA_NoCDF,D2
8,2019,2,0.0,DA_NoCDF,D2
8,2019,3,49.4382,DA_NoCDF,D2
8,2019,4,35.955055,DA_NoCDF,D2
8,2019,5,70.786514,DA_NoCDF,D2
8,2019,6,60.674156,DA_NoCDF,D2
8,2019,7,53.932583,DA_NoCDF,D2
8,2019,8,51.685394,DA_NoCDF,D2
8,2019,9,43.820225,DA_NoCDF,D2
8,2019,10,21.348314,DA_NoCDF,D2
8,2019,11,3.3707864,DA_NoCDF,D2
8,2019,12,4.494382,DA_NoCDF,D2
8,2020,1,3.3707864,DA_NoCDF,D2
8,2020,2,7.865169,DA_NoCDF,D2
8,2020,3,33.707867,DA_NoCDF,D2
8,2020,4,25.842697,DA_NoCDF,D2
8,2020,5,34.831463,DA_NoCDF,D2
8,2020,6,28.089888,DA_NoCDF,D2
8,2020,7,25.842697,DA_NoCDF,D2
8,2020,8,21.348314,DA_NoCDF,D2
8,2020,9,23.595507,DA_NoCDF,D2
8,2020,10,12.35955,DA_NoCDF,D2
8,2020,11,6.741573,DA_NoCDF,D2
8,2020,12,5.6179776,DA_NoCDF,D2
9,2016,1,46.153847,DA_NoCDF,D2
9,2016,2,38.46154,DA_NoCDF,D2
9,2016,3,30.769232,DA_NoCDF,D2
9,2016,4,23.076923,DA_NoCDF,D2
9,2016,5,23.076923,DA_NoCDF,D2
9,2016,6,7.692308,DA_NoCDF,D2
9,2016,7,7.692308,DA_NoCDF,D2
9,2016,8,7.692308,DA_NoCDF,D2
9,2016,9,7.692308,DA_NoCDF,D2
9,2016,10,7.692308,DA_NoCDF,D2
9,2016,11,0.0,DA_NoCDF,D2
9,2016,12,0.0,DA_NoCDF,D2
9,2017,1,0.0,DA_NoCDF,D2
9,2017,2,0.0,DA_NoCDF,D2
9,2017,3,7.692308,DA_NoCDF,D2
9,2017,4,7.692308,DA_NoCDF,D2
9,2017,5,15.384616,DA_NoCDF,D2
9,2017,6,15.384616,DA_NoCDF,D2
9,2017,7,15.384616,DA_NoCDF,D2
9,2017,8,15.384616,DA_NoCDF,D2
9,2017,9,23.076923,DA_NoCDF,D2
9,2017,10,23.076923,DA_NoCDF,D2
9,2017,11,53.846157,DA_NoCDF,D2
9,2017,12,53.846157,DA_NoCDF,D2
9,2018,1,0.0,DA_NoCDF,D2
9,2018,2,0.0,DA_NoCDF,D2
9,2018,3,0.0,DA_NoCDF,D2
9,2018,4,7.692308,DA_NoCDF,D2
9,2018,5,7.692308,DA_NoCDF,D2
9,2018,6,7.692308,DA_NoCDF,D2
9,2018,7,0.0,DA_NoCDF,D2
9,2018,8,0.0,DA_NoCDF,D2
9,2018,9,0.0,DA_NoCDF,D2
9,2018,10,0.0,DA_NoCDF,D2
9,2018,11,0.0,DA_NoCDF,D2
9,2018,12,0.0,DA_NoCDF,D2
9,2019,1,0.0,DA_NoCDF,D2
9,2019,2,0.0,DA_NoCDF,D2
9,2019,3,7.692308,DA_NoCDF,D2
9,2019,4,15.384616,DA_NoCDF,D2
9,2019,5,61.538464,DA_NoCDF,D2
9,2019,6,46.153847,DA_NoCDF,D2
9,2019,7,38.46154,DA_NoCDF,D2
9,2019,8,15.384616,DA_NoCDF,D2
9,2019,9,15.384616,DA_NoCDF,D2
9,2019,10,23.076923,DA_NoCDF,D2
9,2019,11,0.0,DA_NoCDF,D2
9,2019,12,15.384616,DA_NoCDF,D2
9,2020,1,7.692308,DA_NoCDF,D2
9,2020,2,7.692308,DA_NoCDF,D2
9,2020,3,38.46154,DA_NoCDF,D2
9,2020,4,61.538464,DA_NoCDF,D2
9,2020,5,23.076923,DA_NoCDF,D2
9,2020,6,7.692308,DA_NoCDF,D2
9,2020,7,15.384616,DA_NoCDF,D2
9,2020,8,0.0,DA_NoCDF,D2
9,2020,9,0.0,DA_NoCDF,D2
9,2020,10,0.0,DA_NoCDF,D2
9,2020,11,7.692308,DA_NoCDF,D2
9,2020,12,15.384616,DA_NoCDF,D2
10,2016,1,65.37396,DA_NoCDF,D2
10,2016,2,65.77319,DA_NoCDF,D2
10,2016,3,47.73519,DA_NoCDF,D2
10,2016,4,74.56446,DA_NoCDF,D2
10,2016,5,73.34495,DA_NoCDF,D2
10,2016,6,65.67944,DA_NoCDF,D2
10,2016,7,34.84321,DA_NoCDF,D2
10,2016,8,18.466898,DA_NoCDF,D2
10,2016,9,16.72474,DA_NoCDF,D2
10,2016,10,12.543554,DA_NoCDF,D2
10,2016,11,10.452962,DA_NoCDF,D2
10,2016,12,5.749129,DA_NoCDF,D2
10,2017,1,4.7038326,DA_NoCDF,D2
10,2017,2,6.271777,DA_NoCDF,D2
10,2017,3,9.5818815,DA_NoCDF,D2
10,2017,4,43.031357,DA_NoCDF,D2
10,2017,5,59.40766,DA_NoCDF,D2
10,2017,6,47.560974,DA_NoCDF,D2
10,2017,7,33.797913,DA_NoCDF,D2
10,2017,8,22.125435,DA_NoCDF,D2
10,2017,9,25.43554,DA_NoCDF,D2
10,2017,10,27.874565,DA_NoCDF,D2
10,2017,11,44.947735,DA_NoCDF,D2
10,2017,12,32.05575,DA_NoCDF,D2
10,2018,1,13.763065,DA_NoCDF,D2
10,2018,2,12.71777,DA_NoCDF,D2
10,2018,3,3.6585364,DA_NoCDF,D2
10,2018,4,17.59582,DA_NoCDF,D2
10,2018,5,19.163763,DA_NoCDF,D2
10,2018,6,22.299652,DA_NoCDF,D2
10,2018,7,18.641115,DA_NoCDF,D2
10,2018,8,19.860626,DA_NoCDF,D2
10,2018,9,17.421604,DA_NoCDF,D2
10,2018,10,9.407665,DA_NoCDF,D2
10,2018,11,2.2648084,DA_NoCDF,D2
10,2018,12,6.9686413,DA_NoCDF,D2
10,2019,1,9.5818815,DA_NoCDF,D2
10,2019,2,16.376307,DA_NoCDF,D2
10,2019,3,34.66899,DA_NoCDF,D2
10,2019,4,50.522648,DA_NoCDF,D2
10,2019,5,68.98955,DA_NoCDF,D2
10,2019,6,70.20906,DA_NoCDF,D2
10,2019,7,63.414635,DA_NoCDF,D2
10,2019,8,43.37979,DA_NoCDF,D2
10,2019,9,29.616726,DA_NoCDF,D2
10,2019,10,35.54007,DA_NoCDF,D2
10,2019,11,26.30662,DA_NoCDF,D2
10,2019,12,30.836237,DA_NoCDF,D2
10,2020,1,32.404182,DA_NoCDF,D2
10,2020,2,27.628866,DA_NoCDF,D2
10,2020,3,60.278744,DA_NoCDF,D2
10,2020,4,64.1115,DA_NoCDF,D2
10,2020,5,70.731705,DA_NoCDF,D2
10,2020,6,58.188152,DA_NoCDF,D2
10,2020,7,39.19861,DA_NoCDF,D2
10,2020,8,20.905924,DA_NoCDF,D2
10,2020,9,20.209059,DA_NoCDF,D2
10,2020,10,18.989546,DA_NoCDF,D2
10,2020,11,14.111498,DA_NoCDF,D2
10,2020,12,22.648085,DA_NoCDF,D2
12,2016,1,63.963963,DA_NoCDF,D2
12,2016,2,60.05338,DA_NoCDF,D2
12,2016,3,26.619343,DA_NoCDF,D2
12,2016,4,39.041702,DA_NoCDF,D2
12,2016,5,28.926352,DA_NoCDF,D2
12,2016,6,25.110916,DA_NoCDF,D2
12,2016,7,20.85182,DA_NoCDF,D2
12,2016,8,17.74623,DA_NoCDF,D2
12,2016,9,20.230701,DA_NoCDF,D2
12,2016,10,9.31677,DA_NoCDF,D2
12,2016,11,3.1943214,DA_NoCDF,D2
12,2016,12,0.3549246,DA_NoCDF,D2
12,2017,1,0.3549246,DA_NoCDF,D2
12,2017,2,1.0647738,DA_NoCDF,D2
12,2017,3,13.13221,DA_NoCDF,D2
12,2017,4,52.972496,DA_NoCDF,D2
12,2017,5,54.658382,DA_NoCDF,D2
12,2017,6,51.19787,DA_NoCDF,D2
12,2017,7,39.751553,DA_NoCDF,D2
12,2017,8,26.175686,DA_NoCDF,D2
12,2017,9,28.482697,DA_NoCDF,D2
12,2017,10,37.444542,DA_NoCDF,D2
12,2017,11,49.51198,DA_NoCDF,D2
12,2017,12,31.410826,DA_NoCDF,D2
12,2018,1,4.7027507,DA_NoCDF,D2
12,2018,2,1.6858916,DA_NoCDF,D2
12,2018,3,1.7746229,DA_NoCDF,D2
12,2018,4,7.9858027,DA_NoCDF,D2
12,2018,5,17.213842,DA_NoCDF,D2
12,2018,6,23.425022,DA_NoCDF,D2
12,2018,7,36.29104,DA_NoCDF,D2
12,2018,8,44.454304,DA_NoCDF,D2
12,2018,9,38.243122,DA_NoCDF,D2
12,2018,10,15.882875,DA_NoCDF,D2
12,2018,11,0.3549246,DA_NoCDF,D2
12,2018,12,6.832298,DA_NoCDF,D2
12,2019,1,5.8562555,DA_NoCDF,D2
12,2019,2,6.6548357,DA_NoCDF,D2
12,2019,3,40.017746,DA_NoCDF,D2
12,2019,4,51.46406,DA_NoCDF,D2
12,2019,5,61.313225,DA_NoCDF,D2
12,2019,6,48.802128,DA_NoCDF,D2
12,2019,7,33.717834,DA_NoCDF,D2
12,2019,8,24.312334,DA_NoCDF,D2
12,2019,9,25.643301,DA_NoCDF,D2
12,2019,10,32.031944,DA_NoCDF,D2
12,2019,11,9.050576,DA_NoCDF,D2
12,2019,12,32.386868,DA_NoCDF,D2
12,2020,1,27.95031,DA_NoCDF,D2
12,2020,2,28.202847,DA_NoCDF,D2
12,2020,3,55.190773,DA_NoCDF,D2
12,2020,4,50.31056,DA_NoCDF,D2
12,2020,5,37.08962,DA_NoCDF,D2
12,2020,6,22.626442,DA_NoCDF,D2
12,2020,7,21.118011,DA_NoCDF,D2
12,2020,8,17.480036,DA_NoCDF,D2
12,2020,9,19.077196,DA_NoCDF,D2
12,2020,10,16.415262,DA_NoCDF,D2
12,2020,11,13.043478,DA_NoCDF,D2
12,2020,12,31.233364,DA_NoCDF,D2
13,2016,1,46.666668,DA_NoCDF,D2
13,2016,2,44.210526,DA_NoCDF,D2
13,2016,3,35.897438,DA_NoCDF,D2
13,2016,4,42.735043,DA_NoCDF,D2
13,2016,5,40.17094,DA_NoCDF,D2
13,2016,6,39.31624,DA_NoCDF,D2
13,2016,7,38.46154,DA_NoCDF,D2
13,2016,8,39.31624,DA_NoCDF,D2
13,2016,9,37.60684,DA_NoCDF,D2
13,2016,10,37.60684,DA_NoCDF,D2
13,2016,11,36.752136,DA_NoCDF,D2
13,2016,12,34.188034,DA_NoCDF,D2
13,2017,1,35.042736,DA_NoCDF,D2
13,2017,2,33.333336,DA_NoCDF,D2
13,2017,3,34.188034,DA_NoCDF,D2
13,2017,4,35.042736,DA_NoCDF,D2
13,2017,5,35.897438,DA_NoCDF,D2
13,2017,6,35.897438,DA_NoCDF,D2
13,2017,7,35.042736,DA_NoCDF,D2
13,2017,8,35.042736,DA_NoCDF,D2
13,2017,9,35.042736,DA_NoCDF,D2
13,2017,10,34.188034,DA_NoCDF,D2
13,2017,11,40.17094,DA_NoCDF,D2
13,2017,12,41.025642,DA_NoCDF,D2
13,2018,1,33.333336,DA_NoCDF,D2
13,2018,2,34.188034,DA_NoCDF,D2
13,2018,3,33.333336,DA_NoCDF,D2
13,2018,4,33.333336,DA_NoCDF,D2
13,2018,5,34.188034,DA_NoCDF,D2
13,2018,6,34.188034,DA_NoCDF,D2
13,2018,7,34.188034,DA_NoCDF,D2
13,2018,8,34.188034,DA_NoCDF,D2
13,2018,9,34.188034,DA_NoCDF,D2
13,2018,10,34.188034,DA_NoCDF,D2
13,2018,11,33.333336,DA_NoCDF,D2
13,2018,12,34.188034,DA_NoCDF,D2
13,2019,1,34.188034,DA_NoCDF,D2
13,2019,2,37.60684,DA_NoCDF,D2
13,2019,3,34.188034,DA_NoCDF,D2
13,2019,4,35.042736,DA_NoCDF,D2
13,2019,5,36.752136,DA_NoCDF,D2
13,2019,6,40.17094,DA_NoCDF,D2
13,2019,7,36.752136,DA_NoCDF,D2
13,2019,8,35.897438,DA_NoCDF,D2
13,2019,9,35.042736,DA_NoCDF,D2
13,2019,10,35.042736,DA_NoCDF,D2
13,2019,11,35.897438,DA_NoCDF,D2
13,2019,12,36.752136,DA_NoCDF,D2
13,2020,1,47.863247,DA_NoCDF,D2
13,2020,2,43.157894,DA_NoCDF,D2
13,2020,3,64.95727,DA_NoCDF,D2
13,2020,4,54.70086,DA_NoCDF,D2
13,2020,5,54.70086,DA_NoCDF,D2
13,2020,6,50.427353,DA_NoCDF,D2
13,2020,7,49.57265,DA_NoCDF,D2
13,2020,8,49.57265,DA_NoCDF,D2
13,2020,9,52.136757,DA_NoCDF,D2
13,2020,10,52.136757,DA_NoCDF,D2
13,2020,11,48.71795,DA_NoCDF,D2
13,2020,12,52.136757,DA_NoCDF,D2
14,2016,1,,DA_NoCDF,D2
14,2016,2,0.0,DA_NoCDF,D2
14,2016,3,0.0,DA_NoCDF,D2
14,2016,4,0.0,DA_NoCDF,D2
14,2016,5,0.0,DA_NoCDF,D2
14,2016,6,0.0,DA_NoCDF,D2
14,2016,7,0.0,DA_NoCDF,D2
14,2016,8,0.0,DA_NoCDF,D2
14,2016,9,0.0,DA_NoCDF,D2
14,2016,10,0.0,DA_NoCDF,D2
14,2016,11,0.0,DA_NoCDF,D2
14,2016,12,0.0,DA_NoCDF,D2
14,2017,1,0.0,DA_NoCDF,D2
14,2017,2,0.0,DA_NoCDF,D2
14,2017,3,0.0,DA_NoCDF,D2
14,2017,4,0.0,DA_NoCDF,D2
14,2017,5,0.0,DA_NoCDF,D2
14,2017,6,0.0,DA_NoCDF,D2
14,2017,7,0.0,DA_NoCDF,D2
14,2017,8,0.0,DA_NoCDF,D2
14,2017,9,0.0,DA_NoCDF,D2
14,2017,10,0.0,DA_NoCDF,D2
14,2017,11,0.0,DA_NoCDF,D2
14,2017,12,0.0,DA_NoCDF,D2
14,2018,1,0.0,DA_NoCDF,D2
14,2018,2,0.0,DA_NoCDF,D2
14,2018,3,0.0,DA_NoCDF,D2
14,2018,4,0.0,DA_NoCDF,D2
14,2018,5,0.0,DA_NoCDF,D2
14,2018,6,0.0,DA_NoCDF,D2
14,2018,7,0.0,DA_NoCDF,D2
14,2018,8,0.0,DA_NoCDF,D2
14,2018,9,0.0,DA_NoCDF,D2
14,2018,10,0.0,DA_NoCDF,D2
14,2018,11,0.0,DA_NoCDF,D2
14,2018,12,0.0,DA_NoCDF,D2
14,2019,1,0.0,DA_NoCDF,D2
14,2019,2,0.0,DA_NoCDF,D2
14,2019,3,0.0,DA_NoCDF,D2
14,2019,4,0.0,DA_NoCDF,D2
14,2019,5,0.0,DA_NoCDF,D2
14,2019,6,0.0,DA_NoCDF,D2
14,2019,7,0.0,DA_NoCDF,D2
14,2019,8,0.0,DA_NoCDF,D2
14,2019,9,0.0,DA_NoCDF,D2
14,2019,10,0.0,DA_NoCDF,D2
14,2019,11,0.0,DA_NoCDF,D2
14,2019,12,0.0,DA_NoCDF,D2
14,2020,1,0.0,DA_NoCDF,D2
14,2020,2,0.0,DA_NoCDF,D2
14,2020,3,100.0,DA_NoCDF,D2
14,2020,4,100.0,DA_NoCDF,D2
14,2020,5,100.0,DA_NoCDF,D2
14,2020,6,100.0,DA_NoCDF,D2
14,2020,7,100.0,DA_NoCDF,D2
14,2020,8,0.0,DA_NoCDF,D2
14,2020,9,0.0,DA_NoCDF,D2
14,2020,10,0.0,DA_NoCDF,D2
14,2020,11,0.0,DA_NoCDF,D2
14,2020,12,0.0,DA_NoCDF,D2
16,2016,1,53.120243,DA_NoCDF,D2
16,2016,2,32.990685,DA_NoCDF,D2
16,2016,3,29.628742,DA_NoCDF,D2
16,2016,4,38.91018,DA_NoCDF,D2
16,2016,5,34.071857,DA_NoCDF,D2
16,2016,6,32.371258,DA_NoCDF,D2
16,2016,7,28.514969,DA_NoCDF,D2
16,2016,8,29.628742,DA_NoCDF,D2
16,2016,9,34.502995,DA_NoCDF,D2
16,2016,10,38.99401,DA_NoCDF,D2
16,2016,11,40.898205,DA_NoCDF,D2
16,2016,12,33.425148,DA_NoCDF,D2
16,2017,1,51.113773,DA_NoCDF,D2
16,2017,2,49.00599,DA_NoCDF,D2
16,2017,3,59.317364,DA_NoCDF,D2
16,2017,4,66.88623,DA_NoCDF,D2
16,2017,5,60.706585,DA_NoCDF,D2
16,2017,6,50.14371,DA_NoCDF,D2
16,2017,7,50.862278,DA_NoCDF,D2
16,2017,8,50.730537,DA_NoCDF,D2
16,2017,9,63.34132,DA_NoCDF,D2
16,2017,10,53.377247,DA_NoCDF,D2
16,2017,11,62.431137,DA_NoCDF,D2
16,2017,12,58.91018,DA_NoCDF,D2
16,2018,1,59.832336,DA_NoCDF,D2
16,2018,2,57.437126,DA_NoCDF,D2
16,2018,3,67.532936,DA_NoCDF,D2
16,2018,4,78.38323,DA_NoCDF,D2
16,2018,5,65.82036,DA_NoCDF,D2
16,2018,6,70.20359,DA_NoCDF,D2
16,2018,7,72.347305,DA_NoCDF,D2
16,2018,8,60.75449,DA_NoCDF,D2
16,2018,9,68.20359,DA_NoCDF,D2
16,2018,10,76.83832,DA_NoCDF,D2
16,2018,11,74.467064,DA_NoCDF,D2
16,2018,12,84.49102,DA_NoCDF,D2
16,2019,1,87.59282,DA_NoCDF,D2
16,2019,2,88.27545,DA_NoCDF,D2
16,2019,3,83.233536,DA_NoCDF,D2
16,2019,4,77.00599,DA_NoCDF,D2
16,2019,5,84.23952,DA_NoCDF,D2
16,2019,6,83.1018,DA_NoCDF,D2
16,2019,7,84.70659,DA_NoCDF,D2
16,2019,8,84.670654,DA_NoCDF,D2
16,2019,9,82.958084,DA_NoCDF,D2
16,2019,10,86.01198,DA_NoCDF,D2
16,2019,11,87.17365,DA_NoCDF,D2
16,2019,12,87.053894,DA_NoCDF,D2
16,2020,1,87.58083,DA_NoCDF,D2
16,2020,2,89.11018,DA_NoCDF,D2
16,2020,3,86.21557,DA_NoCDF,D2
16,2020,4,80.2994,DA_NoCDF,D2
16,2020,5,84.467064,DA_NoCDF,D2
16,2020,6,85.56886,DA_NoCDF,D2
16,2020,7,84.77844,DA_NoCDF,D2
16,2020,8,85.952095,DA_NoCDF,D2
16,2020,9,85.88024,DA_NoCDF,D2
16,2020,10,86.26347,DA_NoCDF,D2
16,2020,11,80.91018,DA_NoCDF,D2
16,2020,12,83.29341,DA_NoCDF,D2
1,2016,1,86.666664,DA_CDF,D0
1,2016,2,90.0,DA_CDF,D0
1,2016,3,22.727274,DA_CDF,D0
1,2016,4,68.181816,DA_CDF,D0
1,2016,5,27.272728,DA_CDF,D0
1,2016,6,31.818182,DA_CDF,D0
1,2016,7,40.909092,DA_CDF,D0
1,2016,8,54.545456,DA_CDF,D0
1,2016,9,72.72727,DA_CDF,D0
1,2016,10,36.363636,DA_CDF,D0
1,2016,11,4.5454545,DA_CDF,D0
1,2016,12,0.0,DA_CDF,D0
1,2017,1,0.0,DA_CDF,D0
1,2017,2,0.0,DA_CDF,D0
1,2017,3,0.0,DA_CDF,D0
1,2017,4,22.727274,DA_CDF,D0
1,2017,5,36.363636,DA_CDF,D0
1,2017,6,36.363636,DA_CDF,D0
1,2017,7,36.363636,DA_CDF,D0
1,2017,8,27.272728,DA_CDF,D0
1,2017,9,9.090909,DA_CDF,D0
1,2017,10,9.090909,DA_CDF,D0
1,2017,11,77.27273,DA_CDF,D0
1,2017,12,31.818182,DA_CDF,D0
1,2018,1,27.272728,DA_CDF,D0
1,2018,2,4.5454545,DA_CDF,D0
1,2018,3,0.0,DA_CDF,D0
1,2018,4,0.0,DA_CDF,D0
1,2018,5,0.0,DA_CDF,D0
1,2018,6,0.0,DA_CDF,D0
1,2018,7,0.0,DA_CDF,D0
1,2018,8,0.0,DA_CDF,D0
1,2018,9,0.0,DA_CDF,D0
1,2018,10,0.0,DA_CDF,D0
1,2018,11,0.0,DA_CDF,D0
1,2018,12,0.0,DA_CDF,D0
1,2019,1,0.0,DA_CDF,D0
1,2019,2,9.090909,DA_CDF,D0
1,2019,3,22.727274,DA_CDF,D0
1,2019,4,13.636364,DA_CDF,D0
1,2019,5,27.272728,DA_CDF,D0
1,2019,6,22.727274,DA_CDF,D0
1,2019,7,13.636364,DA_CDF,D0
1,2019,8,9.090909,DA_CDF,D0
1,2019,9,13.636364,DA_CDF,D0
1,2019,10,27.272728,DA_CDF,D0
1,2019,11,22.727274,DA_CDF,D0
1,2019,12,22.727274,DA_CDF,D0
1,2020,1,40.909092,DA_CDF,D0
1,2020,2,75.0,DA_CDF,D0
1,2020,3,100.0,DA_CDF,D0
1,2020,4,31.818182,DA_CDF,D0
1,2020,5,36.363636,DA_CDF,D0
1,2020,6,31.818182,DA_CDF,D0
1,2020,7,40.909092,DA_CDF,D0
1,2020,8,36.363636,DA_CDF,D0
1,2020,9,40.909092,DA_CDF,D0
1,2020,10,50.0,DA_CDF,D0
1,2020,11,40.909092,DA_CDF,D0
1,2020,12,81.818184,DA_CDF,D0
2,2016,1,100.0,DA_CDF,D0
2,2016,2,62.5,DA_CDF,D0
2,2016,3,0.0,DA_CDF,D0
2,2016,4,100.0,DA_CDF,D0
2,2016,5,62.5,DA_CDF,D0
2,2016,6,37.5,DA_CDF,D0
2,2016,7,50.0,DA_CDF,D0
2,2016,8,37.5,DA_CDF,D0
2,2016,9,50.0,DA_CDF,D0
2,2016,10,0.0,DA_CDF,D0
2,2016,11,0.0,DA_CDF,D0
2,2016,12,0.0,DA_CDF,D0
2,2017,1,0.0,DA_CDF,D0
2,2017,2,0.0,DA_CDF,D0
2,2017,3,0.0,DA_CDF,D0
2,2017,4,0.0,DA_CDF,D0
2,2017,5,0.0,DA_CDF,D0
2,2017,6,0.0,DA_CDF,D0
2,2017,7,0.0,DA_CDF,D0
2,2017,8,0.0,DA_CDF,D0
2,2017,9,0.0,DA_CDF,D0
2,2017,10,62.5,DA_CDF,D0
2,2017,11,100.0,DA_CDF,D0
2,2017,12,100.0,DA_CDF,D0
2,2018,1,12.5,DA_CDF,D0
2,2018,2,0.0,DA_CDF,D0
2,2018,3,0.0,DA_CDF,D0
2,2018,4,0.0,DA_CDF,D0
2,2018,5,0.0,DA_CDF,D0
2,2018,6,0.0,DA_CDF,D0
2,2018,7,0.0,DA_CDF,D0
2,2018,8,0.0,DA_CDF,D0
2,2018,9,0.0,DA_CDF,D0
2,2018,10,0.0,DA_CDF,D0
2,2018,11,0.0,DA_CDF,D0
2,2018,12,0.0,DA_CDF,D0
2,2019,1,0.0,DA_CDF,D0
2,2019,2,0.0,DA_CDF,D0
2,2019,3,62.5,DA_CDF,D0
2,2019,4,75.0,DA_CDF,D0
2,2019,5,87.5,DA_CDF,D0
2,2019,6,87.5,DA_CDF,D0
2,2019,7,87.5,DA_CDF,D0
2,2019,8,75.0,DA_CDF,D0
2,2019,9,62.5,DA_CDF,D0
2,2019,10,100.0,DA_CDF,D0
2,2019,11,0.0,DA_CDF,D0
2,2019,12,0.0,DA_CDF,D0
2,2020,1,75.0,DA_CDF,D0
2,2020,2,75.0,DA_CDF,D0
2,2020,3,100.0,DA_CDF,D0
2,2020,4,0.0,DA_CDF,D0
2,2020,5,0.0,DA_CDF,D0
2,2020,6,0.0,DA_CDF,D0
2,2020,7,0.0,DA_CDF,D0
2,2020,8,0.0,DA_CDF,D0
2,2020,9,0.0,DA_CDF,D0
2,2020,10,0.0,DA_CDF,D0
2,2020,11,37.5,DA_CDF,D0
2,2020,12,62.5,DA_CDF,D0
3,2016,1,100.0,DA_CDF,D0
3,2016,2,100.0,DA_CDF,D0
3,2016,3,100.0,DA_CDF,D0
3,2016,4,50.0,DA_CDF,D0
3,2016,5,50.0,DA_CDF,D0
3,2016,6,100.0,DA_CDF,D0
3,2016,7,100.0,DA_CDF,D0
3,2016,8,100.0,DA_CDF,D0
3,2016,9,100.0,DA_CDF,D0
3,2016,10,50.0,DA_CDF,D0
3,2016,11,50.0,DA_CDF,D0
3,2016,12,0.0,DA_CDF,D0
3,2017,1,0.0,DA_CDF,D0
3,2017,2,0.0,DA_CDF,D0
3,2017,3,0.0,DA_CDF,D0
3,2017,4,50.0,DA_CDF,D0
3,2017,5,50.0,DA_CDF,D0
3,2017,6,50.0,DA_CDF,D0
3,2017,7,0.0,DA_CDF,D0
3,2017,8,0.0,DA_CDF,D0
3,2017,9,0.0,DA_CDF,D0
3,2017,10,50.0,DA_CDF,D0
3,2017,11,100.0,DA_CDF,D0
3,2017,12,50.0,DA_CDF,D0
3,2018,1,0.0,DA_CDF,D0
3,2018,2,0.0,DA_CDF,D0
3,2018,3,0.0,DA_CDF,D0
3,2018,4,0.0,DA_CDF,D0
3,2018,5,0.0,DA_CDF,D0
3,2018,6,0.0,DA_CDF,D0
3,2018,7,0.0,DA_CDF,D0
3,2018,8,0.0,DA_CDF,D0
3,2018,9,0.0,DA_CDF,D0
3,2018,10,0.0,DA_CDF,D0
3,2018,11,0.0,DA_CDF,D0
3,2018,12,0.0,DA_CDF,D0
3,2019,1,0.0,DA_CDF,D0
3,2019,2,0.0,DA_CDF,D0
3,2019,3,0.0,DA_CDF,D0
3,2019,4,0.0,DA_CDF,D0
3,2019,5,0.0,DA_CDF,D0
3,2019,6,0.0,DA_CDF,D0
3,2019,7,0.0,DA_CDF,D0
3,2019,8,0.0,DA_CDF,D0
3,2019,9,0.0,DA_CDF,D0
3,2019,10,0.0,DA_CDF,D0
3,2019,11,0.0,DA_CDF,D0
3,2019,12,0.0,DA_CDF,D0
3,2020,1,50.0,DA_CDF,D0
3,2020,2,50.0,DA_CDF,D0
3,2020,3,100.0,DA_CDF,D0
3,2020,4,100.0,DA_CDF,D0
3,2020,5,50.0,DA_CDF,D0
3,2020,6,50.0,DA_CDF,D0
3,2020,7,0.0,DA_CDF,D0
3,2020,8,0.0,DA_CDF,D0
3,2020,9,100.0,DA_CDF,D0
3,2020,10,100.0,DA_CDF,D0
3,2020,11,0.0,DA_CDF,D0
3,2020,12,100.0,DA_CDF,D0
5,2016,1,86.36364,DA_CDF,D0
5,2016,2,54.05405,DA_CDF,D0
5,2016,3,18.918919,DA_CDF,D0
5,2016,4,72.97297,DA_CDF,D0
5,2016,5,40.54054,DA_CDF,D0
5,2016,6,37.837837,DA_CDF,D0
5,2016,7,43.243244,DA_CDF,D0
5,2016,8,35.135136,DA_CDF,D0
5,2016,9,45.945946,DA_CDF,D0
5,2016,10,21.621622,DA_CDF,D0
5,2016,11,40.54054,DA_CDF,D0
5,2016,12,2.7027028,DA_CDF,D0
5,2017,1,13.513513,DA_CDF,D0
5,2017,2,0.0,DA_CDF,D0
5,2017,3,16.216215,DA_CDF,D0
5,2017,4,64.86486,DA_CDF,D0
5,2017,5,64.86486,DA_CDF,D0
5,2017,6,70.27027,DA_CDF,D0
5,2017,7,70.27027,DA_CDF,D0
5,2017,8,56.75676,DA_CDF,D0
5,2017,9,64.86486,DA_CDF,D0
5,2017,10,70.27027,DA_CDF,D0
5,2017,11,94.59459,DA_CDF,D0
5,2017,12,83.78378,DA_CDF,D0
5,2018,1,62.162163,DA_CDF,D0
5,2018,2,40.54054,DA_CDF,D0
5,2018,3,0.0,DA_CDF,D0
5,2018,4,27.027025,DA_CDF,D0
5,2018,5,45.945946,DA_CDF,D0
5,2018,6,45.945946,DA_CDF,D0
5,2018,7,45.945946,DA_CDF,D0
5,2018,8,43.243244,DA_CDF,D0
5,2018,9,35.135136,DA_CDF,D0
5,2018,10,16.216215,DA_CDF,D0
5,2018,11,16.216215,DA_CDF,D0
5,2018,12,27.027025,DA_CDF,D0
5,2019,1,43.243244,DA_CDF,D0
5,2019,2,45.945946,DA_CDF,D0
5,2019,3,86.48649,DA_CDF,D0
5,2019,4,81.08108,DA_CDF,D0
5,2019,5,86.48649,DA_CDF,D0
5,2019,6,83.78378,DA_CDF,D0
5,2019,7,78.37838,DA_CDF,D0
5,2019,8,83.78378,DA_CDF,D0
5,2019,9,70.27027,DA_CDF,D0
5,2019,10,83.78378,DA_CDF,D0
5,2019,11,62.162163,DA_CDF,D0
5,2019,12,48.64865,DA_CDF,D0
5,2020,1,75.675674,DA_CDF,D0
5,2020,2,81.08108,DA_CDF,D0
5,2020,3,97.2973,DA_CDF,D0
5,2020,4,59.45946,DA_CDF,D0
5,2020,5,78.37838,DA_CDF,D0
5,2020,6,62.162163,DA_CDF,D0
5,2020,7,62.162163,DA_CDF,D0
5,2020,8,59.45946,DA_CDF,D0
5,2020,9,48.64865,DA_CDF,D0
5,2020,10,62.162163,DA_CDF,D0
5,2020,11,78.37838,DA_CDF,D0
5,2020,12,89.189186,DA_CDF,D0
6,2016,1,72.22222,DA_CDF,D0
6,2016,2,73.52941,DA_CDF,D0
6,2016,3,51.851852,DA_CDF,D0
6,2016,4,72.22222,DA_CDF,D0
6,2016,5,46.296295,DA_CDF,D0
6,2016,6,22.222223,DA_CDF,D0
6,2016,7,9.259259,DA_CDF,D0
6,2016,8,9.259259,DA_CDF,D0
6,2016,9,20.37037,DA_CDF,D0
6,2016,10,9.259259,DA_CDF,D0
6,2016,11,11.111112,DA_CDF,D0
6,2016,12,11.111112,DA_CDF,D0
6,2017,1,14.814815,DA_CDF,D0
6,2017,2,3.7037036,DA_CDF,D0
6,2017,3,1.8518518,DA_CDF,D0
6,2017,4,9.259259,DA_CDF,D0
6,2017,5,20.37037,DA_CDF,D0
6,2017,6,33.333336,DA_CDF,D0
6,2017,7,48.148148,DA_CDF,D0
6,2017,8,27.777779,DA_CDF,D0
6,2017,9,40.74074,DA_CDF,D0
6,2017,10,33.333336,DA_CDF,D0
6,2017,11,62.96296,DA_CDF,D0
6,2017,12,48.148148,DA_CDF,D0
6,2018,1,24.074074,DA_CDF,D0
6,2018,2,16.666668,DA_CDF,D0
6,2018,3,16.666668,DA_CDF,D0
6,2018,4,44.444447,DA_CDF,D0
6,2018,5,37.037037,DA_CDF,D0
6,2018,6,33.333336,DA_CDF,D0
6,2018,7,29.62963,DA_CDF,D0
6,2018,8,22.222223,DA_CDF,D0
6,2018,9,20.37037,DA_CDF,D0
6,2018,10,7.4074073,DA_CDF,D0
6,2018,11,3.7037036,DA_CDF,D0
6,2018,12,31.48148,DA_CDF,D0
6,2019,1,42.592594,DA_CDF,D0
6,2019,2,57.40741,DA_CDF,D0
6,2019,3,53.7037,DA_CDF,D0
6,2019,4,62.96296,DA_CDF,D0
6,2019,5,72.22222,DA_CDF,D0
6,2019,6,64.81481,DA_CDF,D0
6,2019,7,53.7037,DA_CDF,D0
6,2019,8,35.185184,DA_CDF,D0
6,2019,9,24.074074,DA_CDF,D0
6,2019,10,37.037037,DA_CDF,D0
6,2019,11,24.074074,DA_CDF,D0
6,2019,12,44.444447,DA_CDF,D0
6,2020,1,61.11111,DA_CDF,D0
6,2020,2,64.70589,DA_CDF,D0
6,2020,3,74.07407,DA_CDF,D0
6,2020,4,64.81481,DA_CDF,D0
6,2020,5,66.66667,DA_CDF,D0
6,2020,6,35.185184,DA_CDF,D0
6,2020,7,14.814815,DA_CDF,D0
6,2020,8,11.111112,DA_CDF,D0
6,2020,9,9.259259,DA_CDF,D0
6,2020,10,14.814815,DA_CDF,D0
6,2020,11,12.962963,DA_CDF,D0
6,2020,12,33.333336,DA_CDF,D0
7,2016,1,89.79335,DA_CDF,D0
7,2016,2,88.97174,DA_CDF,D0
7,2016,3,68.64797,DA_CDF,D0
7,2016,4,68.75443,DA_CDF,D0
7,2016,5,46.859474,DA_CDF,D0
7,2016,6,32.06175,DA_CDF,D0
7,2016,7,21.07878,DA_CDF,D0
7,2016,8,15.7381115,DA_CDF,D0
7,2016,9,20.031939,DA_CDF,D0
7,2016,10,17.299503,DA_CDF,D0
7,2016,11,16.323633,DA_CDF,D0
7,2016,12,7.5585523,DA_CDF,D0
7,2017,1,7.4875803,DA_CDF,D0
7,2017,2,3.4599006,DA_CDF,D0
7,2017,3,2.448545,DA_CDF,D0
7,2017,4,23.757984,DA_CDF,D0
7,2017,5,45.04968,DA_CDF,D0
7,2017,6,45.298084,DA_CDF,D0
7,2017,7,50.070972,DA_CDF,D0
7,2017,8,38.12988,DA_CDF,D0
7,2017,9,40.20582,DA_CDF,D0
7,2017,10,46.451385,DA_CDF,D0
7,2017,11,68.93187,DA_CDF,D0
7,2017,12,55.021294,DA_CDF,D0
7,2018,1,33.605392,DA_CDF,D0
7,2018,2,26.064583,DA_CDF,D0
7,2018,3,16.625265,DA_CDF,D0
7,2018,4,28.424416,DA_CDF,D0
7,2018,5,24.680624,DA_CDF,D0
7,2018,6,22.46274,DA_CDF,D0
7,2018,7,23.190207,DA_CDF,D0
7,2018,8,22.214336,DA_CDF,D0
7,2018,9,22.764372,DA_CDF,D0
7,2018,10,17.902767,DA_CDF,D0
7,2018,11,13.697659,DA_CDF,D0
7,2018,12,27.271112,DA_CDF,D0
7,2019,1,30.943933,DA_CDF,D0
7,2019,2,41.18169,DA_CDF,D0
7,2019,3,60.326473,DA_CDF,D0
7,2019,4,69.020584,DA_CDF,D0
7,2019,5,74.41448,DA_CDF,D0
7,2019,6,65.88005,DA_CDF,D0
7,2019,7,49.929028,DA_CDF,D0
7,2019,8,41.039745,DA_CDF,D0
7,2019,9,37.704044,DA_CDF,D0
7,2019,10,37.89922,DA_CDF,D0
7,2019,11,33.56991,DA_CDF,D0
7,2019,12,48.43861,DA_CDF,D0
7,2020,1,49.41448,DA_CDF,D0
7,2020,2,57.260597,DA_CDF,D0
7,2020,3,67.90277,DA_CDF,D0
7,2020,4,56.990772,DA_CDF,D0
7,2020,5,41.784954,DA_CDF,D0
7,2020,6,26.437191,DA_CDF,D0
7,2020,7,18.506033,DA_CDF,D0
7,2020,8,14.549325,DA_CDF,D0
7,2020,9,19.71256,DA_CDF,D0
7,2020,10,24.911285,DA_CDF,D0
7,2020,11,30.127748,DA_CDF,D0
7,2020,12,41.855927,DA_CDF,D0
8,2016,1,92.95775,DA_CDF,D0
8,2016,2,71.91011,DA_CDF,D0
8,2016,3,34.831463,DA_CDF,D0
8,2016,4,46.067417,DA_CDF,D0
8,2016,5,31.460676,DA_CDF,D0
8,2016,6,22.47191,DA_CDF,D0
8,2016,7,20.224718,DA_CDF,D0
8,2016,8,20.224718,DA_CDF,D0
8,2016,9,22.47191,DA_CDF,D0
8,2016,10,13.483146,DA_CDF,D0
8,2016,11,20.224718,DA_CDF,D0
8,2016,12,3.3707864,DA_CDF,D0
8,2017,1,8.988764,DA_CDF,D0
8,2017,2,5.6179776,DA_CDF,D0
8,2017,3,7.865169,DA_CDF,D0
8,2017,4,68.53933,DA_CDF,D0
8,2017,5,77.52809,DA_CDF,D0
8,2017,6,78.65169,DA_CDF,D0
8,2017,7,84.26966,DA_CDF,D0
8,2017,8,57.303368,DA_CDF,D0
8,2017,9,61.79775,DA_CDF,D0
8,2017,10,70.786514,DA_CDF,D0
8,2017,11,98.8764,DA_CDF,D0
8,2017,12,87.64045,DA_CDF,D0
8,2018,1,56.179775,DA_CDF,D0
8,2018,2,39.325844,DA_CDF,D0
8,2018,3,8.988764,DA_CDF,D0
8,2018,4,22.47191,DA_CDF,D0
8,2018,5,35.955055,DA_CDF,D0
8,2018,6,26.966291,DA_CDF,D0
8,2018,7,25.842697,DA_CDF,D0
8,2018,8,22.47191,DA_CDF,D0
8,2018,9,19.101124,DA_CDF,D0
8,2018,10,21.348314,DA_CDF,D0
8,2018,11,11.235955,DA_CDF,D0
8,2018,12,28.089888,DA_CDF,D0
8,2019,1,35.955055,DA_CDF,D0
8,2019,2,37.07865,DA_CDF,D0
8,2019,3,74.1573,DA_CDF,D0
8,2019,4,69.662926,DA_CDF,D0
8,2019,5,89.88764,DA_CDF,D0
8,2019,6,87.64045,DA_CDF,D0
8,2019,7,69.662926,DA_CDF,D0
8,2019,8,64.044945,DA_CDF,D0
8,2019,9,53.932583,DA_CDF,D0
8,2019,10,68.53933,DA_CDF,D0
8,2019,11,35.955055,DA_CDF,D0
8,2019,12,34.831463,DA_CDF,D0
8,2020,1,67.41573,DA_CDF,D0
8,2020,2,85.39326,DA_CDF,D0
8,2020,3,91.01124,DA_CDF,D0
8,2020,4,49.4382,DA_CDF,D0
8,2020,5,48.314606,DA_CDF,D0
8,2020,6,38.202248,DA_CDF,D0
8,2020,7,32.58427,DA_CDF,D0
8,2020,8,29.213482,DA_CDF,D0
8,2020,9,24.7191,DA_CDF,D0
8,2020,10,29.213482,DA_CDF,D0
8,2020,11,58.426964,DA_CDF,D0
8,2020,12,64.044945,DA_CDF,D0
9,2016,1,100.0,DA_CDF,D0
9,2016,2,100.0,DA_CDF,D0
9,2016,3,53.846157,DA_CDF,D0
9,2016,4,30.769232,DA_CDF,D0
9,2016,5,15.384616,DA_CDF,D0
9,2016,6,0.0,DA_CDF,D0
9,2016,7,0.0,DA_CDF,D0
9,2016,8,0.0,DA_CDF,D0
9,2016,9,7.692308,DA_CDF,D0
9,2016,10,0.0,DA_CDF,D0
9,2016,11,0.0,DA_CDF,D0
9,2016,12,0.0,DA_CDF,D0
9,2017,1,0.0,DA_CDF,D0
9,2017,2,0.0,DA_CDF,D0
9,2017,3,0.0,DA_CDF,D0
9,2017,4,7.692308,DA_CDF,D0
9,2017,5,15.384616,DA_CDF,D0
9,2017,6,61.538464,DA_CDF,D0
9,2017,7,38.46154,DA_CDF,D0
9,2017,8,30.769232,DA_CDF,D0
9,2017,9,30.769232,DA_CDF,D0
9,2017,10,69.230774,DA_CDF,D0
9,2017,11,100.0,DA_CDF,D0
9,2017,12,92.30769,DA_CDF,D0
9,2018,1,7.692308,DA_CDF,D0
9,2018,2,0.0,DA_CDF,D0
9,2018,3,0.0,DA_CDF,D0
9,2018,4,0.0,DA_CDF,D0
9,2018,5,0.0,DA_CDF,D0
9,2018,6,0.0,DA_CDF,D0
9,2018,7,0.0,DA_CDF,D0
9,2018,8,0.0,DA_CDF,D0
9,2018,9,0.0,DA_CDF,D0
9,2018,10,0.0,DA_CDF,D0
9,2018,11,7.692308,DA_CDF,D0
9,2018,12,7.692308,DA_CDF,D0
9,2019,1,7.692308,DA_CDF,D0
9,2019,2,7.692308,DA_CDF,D0
9,2019,3,30.769232,DA_CDF,D0
9,2019,4,53.846157,DA_CDF,D0
9,2019,5,76.92308,DA_CDF,D0
9,2019,6,76.92308,DA_CDF,D0
9,2019,7,61.538464,DA_CDF,D0
9,2019,8,92.30769,DA_CDF,D0
9,2019,9,84.61539,DA_CDF,D0
9,2019,10,46.153847,DA_CDF,D0
9,2019,11,7.692308,DA_CDF,D0
9,2019,12,7.692308,DA_CDF,D0
9,2020,1,61.538464,DA_CDF,D0
9,2020,2,61.538464,DA_CDF,D0
9,2020,3,76.92308,DA_CDF,D0
9,2020,4,76.92308,DA_CDF,D0
9,2020,5,38.46154,DA_CDF,D0
9,2020,6,0.0,DA_CDF,D0
9,2020,7,7.692308,DA_CDF,D0
9,2020,8,15.384616,DA_CDF,D0
9,2020,9,15.384616,DA_CDF,D0
9,2020,10,7.692308,DA_CDF,D0
9,2020,11,15.384616,DA_CDF,D0
9,2020,12,61.538464,DA_CDF,D0
10,2016,1,91.135735,DA_CDF,D0
10,2016,2,88.865974,DA_CDF,D0
10,2016,3,71.951225,DA_CDF,D0
10,2016,4,78.57143,DA_CDF,D0
10,2016,5,57.317074,DA_CDF,D0
10,2016,6,45.470383,DA_CDF,D0
10,2016,7,28.222996,DA_CDF,D0
10,2016,8,15.853659,DA_CDF,D0
10,2016,9,25.958189,DA_CDF,D0
10,2016,10,19.512194,DA_CDF,D0
10,2016,11,20.731707,DA_CDF,D0
10,2016,12,10.104529,DA_CDF,D0
10,2017,1,7.8397217,DA_CDF,D0
10,2017,2,4.8780484,DA_CDF,D0
10,2017,3,1.7421603,DA_CDF,D0
10,2017,4,20.034843,DA_CDF,D0
10,2017,5,33.101048,DA_CDF,D0
10,2017,6,32.05575,DA_CDF,D0
10,2017,7,27.1777,DA_CDF,D0
10,2017,8,20.905924,DA_CDF,D0
10,2017,9,31.18467,DA_CDF,D0
10,2017,10,43.55401,DA_CDF,D0
10,2017,11,74.39024,DA_CDF,D0
10,2017,12,59.40766,DA_CDF,D0
10,2018,1,34.494774,DA_CDF,D0
10,2018,2,26.82927,DA_CDF,D0
10,2018,3,8.188153,DA_CDF,D0
10,2018,4,29.790941,DA_CDF,D0
10,2018,5,25.087109,DA_CDF,D0
10,2018,6,24.56446,DA_CDF,D0
10,2018,7,19.163763,DA_CDF,D0
10,2018,8,17.247387,DA_CDF,D0
10,2018,9,18.641115,DA_CDF,D0
10,2018,10,16.898956,DA_CDF,D0
10,2018,11,10.97561,DA_CDF,D0
10,2018,12,24.216028,DA_CDF,D0
10,2019,1,29.790941,DA_CDF,D0
10,2019,2,38.15331,DA_CDF,D0
10,2019,3,55.4007,DA_CDF,D0
10,2019,4,65.15679,DA_CDF,D0
10,2019,5,71.25436,DA_CDF,D0
10,2019,6,74.39024,DA_CDF,D0
10,2019,7,64.1115,DA_CDF,D0
10,2019,8,53.65854,DA_CDF,D0
10,2019,9,48.780487,DA_CDF,D0
10,2019,10,52.61324,DA_CDF,D0
10,2019,11,49.825783,DA_CDF,D0
10,2019,12,60.975613,DA_CDF,D0
10,2020,1,68.29269,DA_CDF,D0
10,2020,2,65.360825,DA_CDF,D0
10,2020,3,82.229965,DA_CDF,D0
10,2020,4,74.39024,DA_CDF,D0
10,2020,5,74.21603,DA_CDF,D0
10,2020,6,58.188152,DA_CDF,D0
10,2020,7,44.599304,DA_CDF,D0
10,2020,8,31.533102,DA_CDF,D0
10,2020,9,33.27526,DA_CDF,D0
10,2020,10,35.01742,DA_CDF,D0
10,2020,11,33.62369,DA_CDF,D0
10,2020,12,48.432056,DA_CDF,D0
12,2016,1,93.91892,DA_CDF,D0
12,2016,2,91.3701,DA_CDF,D0
12,2016,3,51.109142,DA_CDF,D0
12,2016,4,33.540375,DA_CDF,D0
12,2016,5,12.599823,DA_CDF,D0
12,2016,6,8.074533,DA_CDF,D0
12,2016,7,7.8970714,DA_CDF,D0
12,2016,8,13.043478,DA_CDF,D0
12,2016,9,21.916592,DA_CDF,D0
12,2016,10,10.8252,DA_CDF,D0
12,2016,11,8.074533,DA_CDF,D0
12,2016,12,3.10559,DA_CDF,D0
12,2017,1,5.3238688,DA_CDF,D0
12,2017,2,3.1943214,DA_CDF,D0
12,2017,3,2.7506654,DA_CDF,D0
12,2017,4,33.185448,DA_CDF,D0
12,2017,5,54.569656,DA_CDF,D0
12,2017,6,65.927246,DA_CDF,D0
12,2017,7,61.135757,DA_CDF,D0
12,2017,8,25.377106,DA_CDF,D0
12,2017,9,30.16859,DA_CDF,D0
12,2017,10,62.99911,DA_CDF,D0
12,2017,11,96.45075,DA_CDF,D0
12,2017,12,59.44987,DA_CDF,D0
12,2018,1,21.827862,DA_CDF,D0
12,2018,2,14.818101,DA_CDF,D0
12,2018,3,5.0576754,DA_CDF,D0
12,2018,4,9.139308,DA_CDF,D0
12,2018,5,13.93079,DA_CDF,D0
12,2018,6,15.439219,DA_CDF,D0
12,2018,7,25.022182,DA_CDF,D0
12,2018,8,51.19787,DA_CDF,D0
12,2018,9,41.08252,DA_CDF,D0
12,2018,10,11.357587,DA_CDF,D0
12,2018,11,3.8154392,DA_CDF,D0
12,2018,12,10.8252,DA_CDF,D0
12,2019,1,14.463176,DA_CDF,D0
12,2019,2,19.077196,DA_CDF,D0
12,2019,3,56.166817,DA_CDF,D0
12,2019,4,67.34694,DA_CDF,D0
12,2019,5,83.14108,DA_CDF,D0
12,2019,6,74.711624,DA_CDF,D0
12,2019,7,42.236023,DA_CDF,D0
12,2019,8,33.895294,DA_CDF,D0
12,2019,9,30.612246,DA_CDF,D0
12,2019,10,50.931675,DA_CDF,D0
12,2019,11,36.024845,DA_CDF,D0
12,2019,12,42.147293,DA_CDF,D0
12,2020,1,66.370895,DA_CDF,D0
12,2020,2,69.928825,DA_CDF,D0
12,2020,3,92.90151,DA_CDF,D0
12,2020,4,67.52441,DA_CDF,D0
12,2020,5,43.123337,DA_CDF,D0
12,2020,6,25.199646,DA_CDF,D0
12,2020,7,33.36291,DA_CDF,D0
12,2020,8,24.84472,DA_CDF,D0
12,2020,9,27.684116,DA_CDF,D0
12,2020,10,27.417925,DA_CDF,D0
12,2020,11,44.897957,DA_CDF,D0
12,2020,12,71.16238,DA_CDF,D0
13,2016,1,94.666664,DA_CDF,D0
13,2016,2,82.10526,DA_CDF,D0
13,2016,3,56.41026,DA_CDF,D0
13,2016,4,62.393166,DA_CDF,D0
13,2016,5,52.136757,DA_CDF,D0
13,2016,6,49.57265,DA_CDF,D0
13,2016,7,51.282055,DA_CDF,D0
13,2016,8,52.136757,DA_CDF,D0
13,2016,9,52.136757,DA_CDF,D0
13,2016,10,48.71795,DA_CDF,D0
13,2016,11,37.60684,DA_CDF,D0
13,2016,12,35.897438,DA_CDF,D0
13,2017,1,38.46154,DA_CDF,D0
13,2017,2,35.042736,DA_CDF,D0
13,2017,3,35.042736,DA_CDF,D0
13,2017,4,42.735043,DA_CDF,D0
13,2017,5,44.444447,DA_CDF,D0
13,2017,6,41.025642,DA_CDF,D0
13,2017,7,41.88034,DA_CDF,D0
13,2017,8,41.88034,DA_CDF,D0
13,2017,9,40.17094,DA_CDF,D0
13,2017,10,38.46154,DA_CDF,D0
13,2017,11,66.66667,DA_CDF,D0
13,2017,12,65.811966,DA_CDF,D0
13,2018,1,35.897438,DA_CDF,D0
13,2018,2,35.042736,DA_CDF,D0
13,2018,3,34.188034,DA_CDF,D0
13,2018,4,34.188034,DA_CDF,D0
13,2018,5,33.333336,DA_CDF,D0
13,2018,6,33.333336,DA_CDF,D0
13,2018,7,33.333336,DA_CDF,D0
13,2018,8,33.333336,DA_CDF,D0
13,2018,9,34.188034,DA_CDF,D0
13,2018,10,34.188034,DA_CDF,D0
13,2018,11,34.188034,DA_CDF,D0
13,2018,12,34.188034,DA_CDF,D0
13,2019,1,34.188034,DA_CDF,D0
13,2019,2,44.444447,DA_CDF,D0
13,2019,3,40.17094,DA_CDF,D0
13,2019,4,40.17094,DA_CDF,D0
13,2019,5,52.991455,DA_CDF,D0
13,2019,6,53.846157,DA_CDF,D0
13,2019,7,49.57265,DA_CDF,D0
13,2019,8,46.153847,DA_CDF,D0
13,2019,9,43.589745,DA_CDF,D0
13,2019,10,46.153847,DA_CDF,D0
13,2019,11,41.88034,DA_CDF,D0
13,2019,12,46.153847,DA_CDF,D0
13,2020,1,70.94017,DA_CDF,D0
13,2020,2,72.63158,DA_CDF,D0
13,2020,3,95.726494,DA_CDF,D0
13,2020,4,82.051285,DA_CDF,D0
13,2020,5,82.90598,DA_CDF,D0
13,2020,6,79.48718,DA_CDF,D0
13,2020,7,80.34188,DA_CDF,D0
13,2020,8,78.63248,DA_CDF,D0
13,2020,9,79.48718,DA_CDF,D0
13,2020,10,87.17949,DA_CDF,D0
13,2020,11,82.90598,DA_CDF,D0
13,2020,12,89.74359,DA_CDF,D0
14,2016,1,,DA_CDF,D0
14,2016,2,100.0,DA_CDF,D0
14,2016,3,100.0,DA_CDF,D0
14,2016,4,0.0,DA_CDF,D0
14,2016,5,0.0,DA_CDF,D0
14,2016,6,0.0,DA_CDF,D0
14,2016,7,0.0,DA_CDF,D0
14,2016,8,0.0,DA_CDF,D0
14,2016,9,0.0,DA_CDF,D0
14,2016,10,0.0,DA_CDF,D0
14,2016,11,0.0,DA_CDF,D0
14,2016,12,0.0,DA_CDF,D0
14,2017,1,0.0,DA_CDF,D0
14,2017,2,0.0,DA_CDF,D0
14,2017,3,0.0,DA_CDF,D0
14,2017,4,0.0,DA_CDF,D0
14,2017,5,0.0,DA_CDF,D0
14,2017,6,0.0,DA_CDF,D0
14,2017,7,0.0,DA_CDF,D0
14,2017,8,0.0,DA_CDF,D0
14,2017,9,0.0,DA_CDF,D0
14,2017,10,0.0,DA_CDF,D0
14,2017,11,100.0,DA_CDF,D0
14,2017,12,100.0,DA_CDF,D0
14,2018,1,0.0,DA_CDF,D0
14,2018,2,0.0,DA_CDF,D0
14,2018,3,0.0,DA_CDF,D0
14,2018,4,0.0,DA_CDF,D0
14,2018,5,0.0,DA_CDF,D0
14,2018,6,0.0,DA_CDF,D0
14,2018,7,0.0,DA_CDF,D0
14,2018,8,0.0,DA_CDF,D0
14,2018,9,0.0,DA_CDF,D0
14,2018,10,0.0,DA_CDF,D0
14,2018,11,0.0,DA_CDF,D0
14,2018,12,0.0,DA_CDF,D0
14,2019,1,0.0,DA_CDF,D0
14,2019,2,0.0,DA_CDF,D0
14,2019,3,0.0,DA_CDF,D0
14,2019,4,100.0,DA_CDF,D0
14,2019,5,100.0,DA_CDF,D0
14,2019,6,100.0,DA_CDF,D0
14,2019,7,100.0,DA_CDF,D0
14,2019,8,100.0,DA_CDF,D0
14,2019,9,100.0,DA_CDF,D0
14,2019,10,100.0,DA_CDF,D0
14,2019,11,0.0,DA_CDF,D0
14,2019,12,0.0,DA_CDF,D0
14,2020,1,100.0,DA_CDF,D0
14,2020,2,100.0,DA_CDF,D0
14,2020,3,100.0,DA_CDF,D0
14,2020,4,100.0,DA_CDF,D0
14,2020,5,100.0,DA_CDF,D0
14,2020,6,100.0,DA_CDF,D0
14,2020,7,100.0,DA_CDF,D0
14,2020,8,100.0,DA_CDF,D0
14,2020,9,100.0,DA_CDF,D0
14,2020,10,100.0,DA_CDF,D0
14,2020,11,0.0,DA_CDF,D0
14,2020,12,100.0,DA_CDF,D0
16,2016,1,65.95637,DA_CDF,D0
16,2016,2,42.33858,DA_CDF,D0
16,2016,3,29.17365,DA_CDF,D0
16,2016,4,39.712574,DA_CDF,D0
16,2016,5,30.8503,DA_CDF,D0
16,2016,6,35.36527,DA_CDF,D0
16,2016,7,32.502995,DA_CDF,D0
16,2016,8,32.874252,DA_CDF,D0
16,2016,9,37.257484,DA_CDF,D0
16,2016,10,39.532936,DA_CDF,D0
16,2016,11,31.568861,DA_CDF,D0
16,2016,12,17.616766,DA_CDF,D0
16,2017,1,18.814371,DA_CDF,D0
16,2017,2,17.58084,DA_CDF,D0
16,2017,3,22.5509,DA_CDF,D0
16,2017,4,49.341316,DA_CDF,D0
16,2017,5,45.00599,DA_CDF,D0
16,2017,6,29.281437,DA_CDF,D0
16,2017,7,28.610779,DA_CDF,D0
16,2017,8,26.15569,DA_CDF,D0
16,2017,9,51.197605,DA_CDF,D0
16,2017,10,33.96407,DA_CDF,D0
16,2017,11,58.17964,DA_CDF,D0
16,2017,12,42.0479,DA_CDF,D0
16,2018,1,36.526947,DA_CDF,D0
16,2018,2,39.48503,DA_CDF,D0
16,2018,3,49.892216,DA_CDF,D0
16,2018,4,70.059875,DA_CDF,D0
16,2018,5,52.922153,DA_CDF,D0
16,2018,6,59.42515,DA_CDF,D0
16,2018,7,61.94012,DA_CDF,D0
16,2018,8,50.33533,DA_CDF,D0
16,2018,9,61.976044,DA_CDF,D0
16,2018,10,64.33533,DA_CDF,D0
16,2018,11,60.09581,DA_CDF,D0
16,2018,12,67.66467,DA_CDF,D0
16,2019,1,82.52695,DA_CDF,D0
16,2019,2,90.14371,DA_CDF,D0
16,2019,3,88.347305,DA_CDF,D0
16,2019,4,72.05988,DA_CDF,D0
16,2019,5,84.958084,DA_CDF,D0
16,2019,6,83.38922,DA_CDF,D0
16,2019,7,83.952095,DA_CDF,D0
16,2019,8,83.90419,DA_CDF,D0
16,2019,9,84.19161,DA_CDF,D0
16,2019,10,87.844315,DA_CDF,D0
16,2019,11,89.26946,DA_CDF,D0
16,2019,12,89.856285,DA_CDF,D0
16,2020,1,92.93413,DA_CDF,D0
16,2020,2,94.84421,DA_CDF,D0
16,2020,3,91.844315,DA_CDF,D0
16,2020,4,77.24551,DA_CDF,D0
16,2020,5,84.934135,DA_CDF,D0
16,2020,6,86.43114,DA_CDF,D0
16,2020,7,85.88024,DA_CDF,D0
16,2020,8,88.31138,DA_CDF,D0
16,2020,9,89.67665,DA_CDF,D0
16,2020,10,91.748505,DA_CDF,D0
16,2020,11,86.239525,DA_CDF,D0
16,2020,12,90.2515,DA_CDF,D0
1,2016,1,86.666664,DA_CDF,D1
1,2016,2,70.0,DA_CDF,D1
1,2016,3,0.0,DA_CDF,D1
1,2016,4,45.454548,DA_CDF,D1
1,2016,5,18.181818,DA_CDF,D1
1,2016,6,27.272728,DA_CDF,D1
1,2016,7,22.727274,DA_CDF,D1
1,2016,8,40.909092,DA_CDF,D1
1,2016,9,54.545456,DA_CDF,D1
1,2016,10,18.181818,DA_CDF,D1
1,2016,11,0.0,DA_CDF,D1
1,2016,12,0.0,DA_CDF,D1
1,2017,1,0.0,DA_CDF,D1
1,2017,2,0.0,DA_CDF,D1
1,2017,3,0.0,DA_CDF,D1
1,2017,4,4.5454545,DA_CDF,D1
1,2017,5,31.818182,DA_CDF,D1
1,2017,6,22.727274,DA_CDF,D1
1,2017,7,27.272728,DA_CDF,D1
1,2017,8,18.181818,DA_CDF,D1
1,2017,9,4.5454545,DA_CDF,D1
1,2017,10,9.090909,DA_CDF,D1
1,2017,11,54.545456,DA_CDF,D1
1,2017,12,18.181818,DA_CDF,D1
1,2018,1,9.090909,DA_CDF,D1
1,2018,2,0.0,DA_CDF,D1
1,2018,3,0.0,DA_CDF,D1
1,2018,4,0.0,DA_CDF,D1
1,2018,5,0.0,DA_CDF,D1
1,2018,6,0.0,DA_CDF,D1
1,2018,7,0.0,DA_CDF,D1
1,2018,8,0.0,DA_CDF,D1
1,2018,9,0.0,DA_CDF,D1
1,2018,10,0.0,DA_CDF,D1
1,2018,11,0.0,DA_CDF,D1
1,2018,12,0.0,DA_CDF,D1
1,2019,1,0.0,DA_CDF,D1
1,2019,2,9.090909,DA_CDF,D1
1,2019,3,0.0,DA_CDF,D1
1,2019,4,13.636364,DA_CDF,D1
1,2019,5,9.090909,DA_CDF,D1
1,2019,6,13.636364,DA_CDF,D1
1,2019,7,0.0,DA_CDF,D1
1,2019,8,0.0,DA_CDF,D1
1,2019,9,0.0,DA_CDF,D1
1,2019,10,18.181818,DA_CDF,D1
1,2019,11,18.181818,DA_CDF,D1
1,2019,12,18.181818,DA_CDF,D1
1,2020,1,27.272728,DA_CDF,D1
1,2020,2,35.0,DA_CDF,D1
1,2020,3,95.454544,DA_CDF,D1
1,2020,4,22.727274,DA_CDF,D1
1,2020,5,31.818182,DA_CDF,D1
1,2020,6,22.727274,DA_CDF,D1
1,2020,7,27.272728,DA_CDF,D1
1,2020,8,22.727274,DA_CDF,D1
1,2020,9,36.363636,DA_CDF,D1
1,2020,10,45.454548,DA_CDF,D1
1,2020,11,22.727274,DA_CDF,D1
1,2020,12,63.636364,DA_CDF,D1
2,2016,1,100.0,DA_CDF,D1
2,2016,2,62.5,DA_CDF,D1
2,2016,3,0.0,DA_CDF,D1
2,2016,4,100.0,DA_CDF,D1
2,2016,5,12.5,DA_CDF,D1
2,2016,6,0.0,DA_CDF,D1
2,2016,7,37.5,DA_CDF,D1
2,2016,8,37.5,DA_CDF,D1
2,2016,9,37.5,DA_CDF,D1
2,2016,10,0.0,DA_CDF,D1
2,2016,11,0.0,DA_CDF,D1
2,2016,12,0.0,DA_CDF,D1
2,2017,1,0.0,DA_CDF,D1
2,2017,2,0.0,DA_CDF,D1
2,2017,3,0.0,DA_CDF,D1
2,2017,4,0.0,DA_CDF,D1
2,2017,5,0.0,DA_CDF,D1
2,2017,6,0.0,DA_CDF,D1
2,2017,7,0.0,DA_CDF,D1
2,2017,8,0.0,DA_CDF,D1
2,2017,9,0.0,DA_CDF,D1
2,2017,10,0.0,DA_CDF,D1
2,2017,11,100.0,DA_CDF,D1
2,2017,12,100.0,DA_CDF,D1
2,2018,1,0.0,DA_CDF,D1
2,2018,2,0.0,DA_CDF,D1
2,2018,3,0.0,DA_CDF,D1
2,2018,4,0.0,DA_CDF,D1
2,2018,5,0.0,DA_CDF,D1
2,2018,6,0.0,DA_CDF,D1
2,2018,7,0.0,DA_CDF,D1
2,2018,8,0.0,DA_CDF,D1
2,2018,9,0.0,DA_CDF,D1
2,2018,10,0.0,DA_CDF,D1
2,2018,11,0.0,DA_CDF,D1
2,2018,12,0.0,DA_CDF,D1
2,2019,1,0.0,DA_CDF,D1
2,2019,2,0.0,DA_CDF,D1
2,2019,3,25.0,DA_CDF,D1
2,2019,4,0.0,DA_CDF,D1
2,2019,5,87.5,DA_CDF,D1
2,2019,6,87.5,DA_CDF,D1
2,2019,7,75.0,DA_CDF,D1
2,2019,8,62.5,DA_CDF,D1
2,2019,9,62.5,DA_CDF,D1
2,2019,10,100.0,DA_CDF,D1
2,2019,11,0.0,DA_CDF,D1
2,2019,12,0.0,DA_CDF,D1
2,2020,1,37.5,DA_CDF,D1
2,2020,2,37.5,DA_CDF,D1
2,2020,3,100.0,DA_CDF,D1
2,2020,4,0.0,DA_CDF,D1
2,2020,5,0.0,DA_CDF,D1
2,2020,6,0.0,DA_CDF,D1
2,2020,7,0.0,DA_CDF,D1
2,2020,8,0.0,DA_CDF,D1
2,2020,9,0.0,DA_CDF,D1
2,2020,10,0.0,DA_CDF,D1
2,2020,11,0.0,DA_CDF,D1
2,2020,12,0.0,DA_CDF,D1
3,2016,1,100.0,DA_CDF,D1
3,2016,2,100.0,DA_CDF,D1
3,2016,3,0.0,DA_CDF,D1
3,2016,4,0.0,DA_CDF,D1
3,2016,5,50.0,DA_CDF,D1
3,2016,6,50.0,DA_CDF,D1
3,2016,7,100.0,DA_CDF,D1
3,2016,8,100.0,DA_CDF,D1
3,2016,9,50.0,DA_CDF,D1
3,2016,10,50.0,DA_CDF,D1
3,2016,11,0.0,DA_CDF,D1
3,2016,12,0.0,DA_CDF,D1
3,2017,1,0.0,DA_CDF,D1
3,2017,2,0.0,DA_CDF,D1
3,2017,3,0.0,DA_CDF,D1
3,2017,4,0.0,DA_CDF,D1
3,2017,5,50.0,DA_CDF,D1
3,2017,6,50.0,DA_CDF,D1
3,2017,7,0.0,DA_CDF,D1
3,2017,8,0.0,DA_CDF,D1
3,2017,9,0.0,DA_CDF,D1
3,2017,10,50.0,DA_CDF,D1
3,2017,11,100.0,DA_CDF,D1
3,2017,12,0.0,DA_CDF,D1
3,2018,1,0.0,DA_CDF,D1
3,2018,2,0.0,DA_CDF,D1
3,2018,3,0.0,DA_CDF,D1
3,2018,4,0.0,DA_CDF,D1
3,2018,5,0.0,DA_CDF,D1
3,2018,6,0.0,DA_CDF,D1
3,2018,7,0.0,DA_CDF,D1
3,2018,8,0.0,DA_CDF,D1
3,2018,9,0.0,DA_CDF,D1
3,2018,10,0.0,DA_CDF,D1
3,2018,11,0.0,DA_CDF,D1
3,2018,12,0.0,DA_CDF,D1
3,2019,1,0.0,DA_CDF,D1
3,2019,2,0.0,DA_CDF,D1
3,2019,3,0.0,DA_CDF,D1
3,2019,4,0.0,DA_CDF,D1
3,2019,5,0.0,DA_CDF,D1
3,2019,6,0.0,DA_CDF,D1
3,2019,7,0.0,DA_CDF,D1
3,2019,8,0.0,DA_CDF,D1
3,2019,9,0.0,DA_CDF,D1
3,2019,10,0.0,DA_CDF,D1
3,2019,11,0.0,DA_CDF,D1
3,2019,12,0.0,DA_CDF,D1
3,2020,1,0.0,DA_CDF,D1
3,2020,2,0.0,DA_CDF,D1
3,2020,3,100.0,DA_CDF,D1
3,2020,4,100.0,DA_CDF,D1
3,2020,5,0.0,DA_CDF,D1
3,2020,6,0.0,DA_CDF,D1
3,2020,7,0.0,DA_CDF,D1
3,2020,8,0.0,DA_CDF,D1
3,2020,9,50.0,DA_CDF,D1
3,2020,10,100.0,DA_CDF,D1
3,2020,11,0.0,DA_CDF,D1
3,2020,12,100.0,DA_CDF,D1
5,2016,1,68.181816,DA_CDF,D1
5,2016,2,51.35135,DA_CDF,D1
5,2016,3,16.216215,DA_CDF,D1
5,2016,4,48.64865,DA_CDF,D1
5,2016,5,35.135136,DA_CDF,D1
5,2016,6,32.43243,DA_CDF,D1
5,2016,7,32.43243,DA_CDF,D1
5,2016,8,29.72973,DA_CDF,D1
5,2016,9,32.43243,DA_CDF,D1
5,2016,10,16.216215,DA_CDF,D1
5,2016,11,13.513513,DA_CDF,D1
5,2016,12,2.7027028,DA_CDF,D1
5,2017,1,13.513513,DA_CDF,D1
5,2017,2,0.0,DA_CDF,D1
5,2017,3,8.108108,DA_CDF,D1
5,2017,4,54.05405,DA_CDF,D1
5,2017,5,59.45946,DA_CDF,D1
5,2017,6,64.86486,DA_CDF,D1
5,2017,7,67.567566,DA_CDF,D1
5,2017,8,54.05405,DA_CDF,D1
5,2017,9,54.05405,DA_CDF,D1
5,2017,10,64.86486,DA_CDF,D1
5,2017,11,91.89189,DA_CDF,D1
5,2017,12,75.675674,DA_CDF,D1
5,2018,1,48.64865,DA_CDF,D1
5,2018,2,35.135136,DA_CDF,D1
5,2018,3,0.0,DA_CDF,D1
5,2018,4,18.918919,DA_CDF,D1
5,2018,5,40.54054,DA_CDF,D1
5,2018,6,43.243244,DA_CDF,D1
5,2018,7,43.243244,DA_CDF,D1
5,2018,8,35.135136,DA_CDF,D1
5,2018,9,27.027025,DA_CDF,D1
5,2018,10,13.513513,DA_CDF,D1
5,2018,11,13.513513,DA_CDF,D1
5,2018,12,27.027025,DA_CDF,D1
5,2019,1,43.243244,DA_CDF,D1
5,2019,2,43.243244,DA_CDF,D1
5,2019,3,78.37838,DA_CDF,D1
5,2019,4,78.37838,DA_CDF,D1
5,2019,5,75.675674,DA_CDF,D1
5,2019,6,75.675674,DA_CDF,D1
5,2019,7,75.675674,DA_CDF,D1
5,2019,8,72.97297,DA_CDF,D1
5,2019,9,64.86486,DA_CDF,D1
5,2019,10,75.675674,DA_CDF,D1
5,2019,11,51.35135,DA_CDF,D1
5,2019,12,40.54054,DA_CDF,D1
5,2020,1,75.675674,DA_CDF,D1
5,2020,2,70.27027,DA_CDF,D1
5,2020,3,91.89189,DA_CDF,D1
5,2020,4,40.54054,DA_CDF,D1
5,2020,5,70.27027,DA_CDF,D1
5,2020,6,59.45946,DA_CDF,D1
5,2020,7,59.45946,DA_CDF,D1
5,2020,8,51.35135,DA_CDF,D1
5,2020,9,40.54054,DA_CDF,D1
5,2020,10,43.243244,DA_CDF,D1
5,2020,11,56.75676,DA_CDF,D1
5,2020,12,75.675674,DA_CDF,D1
6,2016,1,66.66667,DA_CDF,D1
6,2016,2,64.70589,DA_CDF,D1
6,2016,3,46.296295,DA_CDF,D1
6,2016,4,68.51852,DA_CDF,D1
6,2016,5,38.88889,DA_CDF,D1
6,2016,6,20.37037,DA_CDF,D1
6,2016,7,9.259259,DA_CDF,D1
6,2016,8,5.555556,DA_CDF,D1
6,2016,9,20.37037,DA_CDF,D1
6,2016,10,9.259259,DA_CDF,D1
6,2016,11,7.4074073,DA_CDF,D1
6,2016,12,9.259259,DA_CDF,D1
6,2017,1,9.259259,DA_CDF,D1
6,2017,2,1.8518518,DA_CDF,D1
6,2017,3,1.8518518,DA_CDF,D1
6,2017,4,5.555556,DA_CDF,D1
6,2017,5,12.962963,DA_CDF,D1
6,2017,6,20.37037,DA_CDF,D1
6,2017,7,38.88889,DA_CDF,D1
6,2017,8,9.259259,DA_CDF,D1
6,2017,9,25.925926,DA_CDF,D1
6,2017,10,29.62963,DA_CDF,D1
6,2017,11,46.296295,DA_CDF,D1
6,2017,12,18.518518,DA_CDF,D1
6,2018,1,12.962963,DA_CDF,D1
6,2018,2,16.666668,DA_CDF,D1
6,2018,3,11.111112,DA_CDF,D1
6,2018,4,33.333336,DA_CDF,D1
6,2018,5,35.185184,DA_CDF,D1
6,2018,6,29.62963,DA_CDF,D1
6,2018,7,24.074074,DA_CDF,D1
6,2018,8,18.518518,DA_CDF,D1
6,2018,9,16.666668,DA_CDF,D1
6,2018,10,7.4074073,DA_CDF,D1
6,2018,11,3.7037036,DA_CDF,D1
6,2018,12,27.777779,DA_CDF,D1
6,2019,1,33.333336,DA_CDF,D1
6,2019,2,48.148148,DA_CDF,D1
6,2019,3,46.296295,DA_CDF,D1
6,2019,4,57.40741,DA_CDF,D1
6,2019,5,70.37037,DA_CDF,D1
6,2019,6,59.25926,DA_CDF,D1
6,2019,7,50.0,DA_CDF,D1
6,2019,8,31.48148,DA_CDF,D1
6,2019,9,20.37037,DA_CDF,D1
6,2019,10,35.185184,DA_CDF,D1
6,2019,11,24.074074,DA_CDF,D1
6,2019,12,38.88889,DA_CDF,D1
6,2020,1,44.444447,DA_CDF,D1
6,2020,2,35.294117,DA_CDF,D1
6,2020,3,66.66667,DA_CDF,D1
6,2020,4,55.555557,DA_CDF,D1
6,2020,5,59.25926,DA_CDF,D1
6,2020,6,31.48148,DA_CDF,D1
6,2020,7,12.962963,DA_CDF,D1
6,2020,8,9.259259,DA_CDF,D1
6,2020,9,7.4074073,DA_CDF,D1
6,2020,10,9.259259,DA_CDF,D1
6,2020,11,7.4074073,DA_CDF,D1
6,2020,12,24.074074,DA_CDF,D1
7,2016,1,84.4506,DA_CDF,D1
7,2016,2,83.37912,DA_CDF,D1
7,2016,3,58.374733,DA_CDF,D1
7,2016,4,58.942516,DA_CDF,D1
7,2016,5,40.276794,DA_CDF,D1
7,2016,6,26.49042,DA_CDF,D1
7,2016,7,16.075232,DA_CDF,D1
7,2016,8,10.592619,DA_CDF,D1
7,2016,9,14.638041,DA_CDF,D1
7,2016,10,10.965223,DA_CDF,D1
7,2016,11,11.00071,DA_CDF,D1
7,2016,12,5.535841,DA_CDF,D1
7,2017,1,5.3229237,DA_CDF,D1
7,2017,2,2.466288,DA_CDF,D1
7,2017,3,1.4726756,DA_CDF,D1
7,2017,4,12.491129,DA_CDF,D1
7,2017,5,34.15543,DA_CDF,D1
7,2017,6,35.734566,DA_CDF,D1
7,2017,7,40.755856,DA_CDF,D1
7,2017,8,26.84528,DA_CDF,D1
7,2017,9,31.866571,DA_CDF,D1
7,2017,10,36.90561,DA_CDF,D1
7,2017,11,59.652233,DA_CDF,D1
7,2017,12,35.18453,DA_CDF,D1
7,2018,1,23.651525,DA_CDF,D1
7,2018,2,19.375443,DA_CDF,D1
7,2018,3,12.952449,DA_CDF,D1
7,2018,4,22.214336,DA_CDF,D1
7,2018,5,20.670689,DA_CDF,D1
7,2018,6,18.346346,DA_CDF,D1
7,2018,7,18.683464,DA_CDF,D1
7,2018,8,17.707594,DA_CDF,D1
7,2018,9,18.062456,DA_CDF,D1
7,2018,10,14.620298,DA_CDF,D1
7,2018,11,9.581264,DA_CDF,D1
7,2018,12,23.935415,DA_CDF,D1
7,2019,1,26.472675,DA_CDF,D1
7,2019,2,32.41661,DA_CDF,D1
7,2019,3,48.04826,DA_CDF,D1
7,2019,4,56.15685,DA_CDF,D1
7,2019,5,64.83322,DA_CDF,D1
7,2019,6,54.914833,DA_CDF,D1
7,2019,7,37.881477,DA_CDF,D1
7,2019,8,30.99716,DA_CDF,D1
7,2019,9,29.559973,DA_CDF,D1
7,2019,10,29.808374,DA_CDF,D1
7,2019,11,16.784954,DA_CDF,D1
7,2019,12,38.910572,DA_CDF,D1
7,2020,1,34.989353,DA_CDF,D1
7,2020,2,40.83595,DA_CDF,D1
7,2020,3,59.279633,DA_CDF,D1
7,2020,4,47.99503,DA_CDF,D1
7,2020,5,35.734566,DA_CDF,D1
7,2020,6,22.019163,DA_CDF,D1
7,2020,7,14.51384,DA_CDF,D1
7,2020,8,11.337828,DA_CDF,D1
7,2020,9,15.010646,DA_CDF,D1
7,2020,10,19.606104,DA_CDF,D1
7,2020,11,20.191626,DA_CDF,D1
7,2020,12,33.321507,DA_CDF,D1
8,2016,1,64.788734,DA_CDF,D1
8,2016,2,58.426964,DA_CDF,D1
8,2016,3,26.966291,DA_CDF,D1
8,2016,4,40.449436,DA_CDF,D1
8,2016,5,25.842697,DA_CDF,D1
8,2016,6,21.348314,DA_CDF,D1
8,2016,7,19.101124,DA_CDF,D1
8,2016,8,19.101124,DA_CDF,D1
8,2016,9,21.348314,DA_CDF,D1
8,2016,10,10.112359,DA_CDF,D1
8,2016,11,10.112359,DA_CDF,D1
8,2016,12,3.3707864,DA_CDF,D1
8,2017,1,7.865169,DA_CDF,D1
8,2017,2,4.494382,DA_CDF,D1
8,2017,3,7.865169,DA_CDF,D1
8,2017,4,59.55056,DA_CDF,D1
8,2017,5,65.16854,DA_CDF,D1
8,2017,6,66.29214,DA_CDF,D1
8,2017,7,73.03371,DA_CDF,D1
8,2017,8,40.449436,DA_CDF,D1
8,2017,9,52.808987,DA_CDF,D1
8,2017,10,55.05618,DA_CDF,D1
8,2017,11,96.62921,DA_CDF,D1
8,2017,12,82.02247,DA_CDF,D1
8,2018,1,31.460676,DA_CDF,D1
8,2018,2,30.337078,DA_CDF,D1
8,2018,3,7.865169,DA_CDF,D1
8,2018,4,20.224718,DA_CDF,D1
8,2018,5,32.58427,DA_CDF,D1
8,2018,6,25.842697,DA_CDF,D1
8,2018,7,25.842697,DA_CDF,D1
8,2018,8,21.348314,DA_CDF,D1
8,2018,9,17.977528,DA_CDF,D1
8,2018,10,20.224718,DA_CDF,D1
8,2018,11,5.6179776,DA_CDF,D1
8,2018,12,28.089888,DA_CDF,D1
8,2019,1,32.58427,DA_CDF,D1
8,2019,2,32.58427,DA_CDF,D1
8,2019,3,68.53933,DA_CDF,D1
8,2019,4,66.29214,DA_CDF,D1
8,2019,5,84.26966,DA_CDF,D1
8,2019,6,80.89887,DA_CDF,D1
8,2019,7,61.79775,DA_CDF,D1
8,2019,8,55.05618,DA_CDF,D1
8,2019,9,49.4382,DA_CDF,D1
8,2019,10,60.674156,DA_CDF,D1
8,2019,11,23.595507,DA_CDF,D1
8,2019,12,31.460676,DA_CDF,D1
8,2020,1,42.69663,DA_CDF,D1
8,2020,2,49.4382,DA_CDF,D1
8,2020,3,88.764046,DA_CDF,D1
8,2020,4,44.94382,DA_CDF,D1
8,2020,5,43.820225,DA_CDF,D1
8,2020,6,35.955055,DA_CDF,D1
8,2020,7,30.337078,DA_CDF,D1
8,2020,8,28.089888,DA_CDF,D1
8,2020,9,21.348314,DA_CDF,D1
8,2020,10,20.224718,DA_CDF,D1
8,2020,11,32.58427,DA_CDF,D1
8,2020,12,48.314606,DA_CDF,D1
9,2016,1,100.0,DA_CDF,D1
9,2016,2,100.0,DA_CDF,D1
9,2016,3,38.46154,DA_CDF,D1
9,2016,4,23.076923,DA_CDF,D1
9,2016,5,15.384616,DA_CDF,D1
9,2016,6,0.0,DA_CDF,D1
9,2016,7,0.0,DA_CDF,D1
9,2016,8,0.0,DA_CDF,D1
9,2016,9,0.0,DA_CDF,D1
9,2016,10,0.0,DA_CDF,D1
9,2016,11,0.0,DA_CDF,D1
9,2016,12,0.0,DA_CDF,D1
9,2017,1,0.0,DA_CDF,D1
9,2017,2,0.0,DA_CDF,D1
9,2017,3,0.0,DA_CDF,D1
9,2017,4,7.692308,DA_CDF,D1
9,2017,5,7.692308,DA_CDF,D1
9,2017,6,15.384616,DA_CDF,D1
9,2017,7,7.692308,DA_CDF,D1
9,2017,8,0.0,DA_CDF,D1
9,2017,9,7.692308,DA_CDF,D1
9,2017,10,53.846157,DA_CDF,D1
9,2017,11,100.0,DA_CDF,D1
9,2017,12,76.92308,DA_CDF,D1
9,2018,1,0.0,DA_CDF,D1
9,2018,2,0.0,DA_CDF,D1
9,2018,3,0.0,DA_CDF,D1
9,2018,4,0.0,DA_CDF,D1
9,2018,5,0.0,DA_CDF,D1
9,2018,6,0.0,DA_CDF,D1
9,2018,7,0.0,DA_CDF,D1
9,2018,8,0.0,DA_CDF,D1
9,2018,9,0.0,DA_CDF,D1
9,2018,10,0.0,DA_CDF,D1
9,2018,11,0.0,DA_CDF,D1
9,2018,12,7.692308,DA_CDF,D1
9,2019,1,7.692308,DA_CDF,D1
9,2019,2,7.692308,DA_CDF,D1
9,2019,3,15.384616,DA_CDF,D1
9,2019,4,7.692308,DA_CDF,D1
9,2019,5,76.92308,DA_CDF,D1
9,2019,6,69.230774,DA_CDF,D1
9,2019,7,53.846157,DA_CDF,D1
9,2019,8,76.92308,DA_CDF,D1
9,2019,9,84.61539,DA_CDF,D1
9,2019,10,38.46154,DA_CDF,D1
9,2019,11,7.692308,DA_CDF,D1
9,2019,12,7.692308,DA_CDF,D1
9,2020,1,7.692308,DA_CDF,D1
9,2020,2,7.692308,DA_CDF,D1
9,2020,3,46.153847,DA_CDF,D1
9,2020,4,61.538464,DA_CDF,D1
9,2020,5,7.692308,DA_CDF,D1
9,2020,6,0.0,DA_CDF,D1
9,2020,7,7.692308,DA_CDF,D1
9,2020,8,0.0,DA_CDF,D1
9,2020,9,0.0,DA_CDF,D1
9,2020,10,0.0,DA_CDF,D1
9,2020,11,0.0,DA_CDF,D1
9,2020,12,30.769232,DA_CDF,D1
10,2016,1,85.04155,DA_CDF,D1
10,2016,2,82.26804,DA_CDF,D1
10,2016,3,57.665504,DA_CDF,D1
10,2016,4,64.1115,DA_CDF,D1
10,2016,5,51.219513,DA_CDF,D1
10,2016,6,40.069687,DA_CDF,D1
10,2016,7,21.777004,DA_CDF,D1
10,2016,8,10.104529,DA_CDF,D1
10,2016,9,19.337978,DA_CDF,D1
10,2016,10,16.027876,DA_CDF,D1
10,2016,11,13.414635,DA_CDF,D1
10,2016,12,6.097561,DA_CDF,D1
10,2017,1,5.749129,DA_CDF,D1
10,2017,2,4.355401,DA_CDF,D1
10,2017,3,1.2195121,DA_CDF,D1
10,2017,4,13.2404175,DA_CDF,D1
10,2017,5,22.648085,DA_CDF,D1
10,2017,6,24.041813,DA_CDF,D1
10,2017,7,18.989546,DA_CDF,D1
10,2017,8,9.756097,DA_CDF,D1
10,2017,9,23.69338,DA_CDF,D1
10,2017,10,32.92683,DA_CDF,D1
10,2017,11,67.4216,DA_CDF,D1
10,2017,12,39.37282,DA_CDF,D1
10,2018,1,23.867596,DA_CDF,D1
10,2018,2,21.95122,DA_CDF,D1
10,2018,3,5.923345,DA_CDF,D1
10,2018,4,22.648085,DA_CDF,D1
10,2018,5,21.602787,DA_CDF,D1
10,2018,6,19.860626,DA_CDF,D1
10,2018,7,14.982578,DA_CDF,D1
10,2018,8,13.58885,DA_CDF,D1
10,2018,9,16.898956,DA_CDF,D1
10,2018,10,14.982578,DA_CDF,D1
10,2018,11,7.1428576,DA_CDF,D1
10,2018,12,20.557491,DA_CDF,D1
10,2019,1,23.867596,DA_CDF,D1
10,2019,2,31.707317,DA_CDF,D1
10,2019,3,44.425087,DA_CDF,D1
10,2019,4,56.968643,DA_CDF,D1
10,2019,5,66.202095,DA_CDF,D1
10,2019,6,68.81533,DA_CDF,D1
10,2019,7,56.62021,DA_CDF,D1
10,2019,8,46.51568,DA_CDF,D1
10,2019,9,43.031357,DA_CDF,D1
10,2019,10,45.470383,DA_CDF,D1
10,2019,11,31.881533,DA_CDF,D1
10,2019,12,47.03833,DA_CDF,D1
10,2020,1,46.689896,DA_CDF,D1
10,2020,2,42.886597,DA_CDF,D1
10,2020,3,75.60976,DA_CDF,D1
10,2020,4,64.808365,DA_CDF,D1
10,2020,5,66.02787,DA_CDF,D1
10,2020,6,49.65157,DA_CDF,D1
10,2020,7,38.850174,DA_CDF,D1
10,2020,8,25.783972,DA_CDF,D1
10,2020,9,30.487806,DA_CDF,D1
10,2020,10,29.094076,DA_CDF,D1
10,2020,11,17.247387,DA_CDF,D1
10,2020,12,38.327526,DA_CDF,D1
12,2016,1,86.37387,DA_CDF,D1
12,2016,2,86.29893,DA_CDF,D1
12,2016,3,29.192547,DA_CDF,D1
12,2016,4,21.118011,DA_CDF,D1
12,2016,5,7.8970714,DA_CDF,D1
12,2016,6,6.0337176,DA_CDF,D1
12,2016,7,5.8562555,DA_CDF,D1
12,2016,8,7.275954,DA_CDF,D1
12,2016,9,12.067435,DA_CDF,D1
12,2016,10,6.122449,DA_CDF,D1
12,2016,11,2.9281278,DA_CDF,D1
12,2016,12,2.3070097,DA_CDF,D1
12,2017,1,3.9041705,DA_CDF,D1
12,2017,2,2.484472,DA_CDF,D1
12,2017,3,1.8633541,DA_CDF,D1
12,2017,4,23.779947,DA_CDF,D1
12,2017,5,35.403725,DA_CDF,D1
12,2017,6,49.42325,DA_CDF,D1
12,2017,7,48.26974,DA_CDF,D1
12,2017,8,11.180124,DA_CDF,D1
12,2017,9,21.73913,DA_CDF,D1
12,2017,10,48.89086,DA_CDF,D1
12,2017,11,94.409935,DA_CDF,D1
12,2017,12,38.952972,DA_CDF,D1
12,2018,1,13.220941,DA_CDF,D1
12,2018,2,12.42236,DA_CDF,D1
12,2018,3,3.9041705,DA_CDF,D1
12,2018,4,8.606921,DA_CDF,D1
12,2018,5,12.777286,DA_CDF,D1
12,2018,6,13.220941,DA_CDF,D1
12,2018,7,22.626442,DA_CDF,D1
12,2018,8,45.874004,DA_CDF,D1
12,2018,9,33.806564,DA_CDF,D1
12,2018,10,9.405501,DA_CDF,D1
12,2018,11,2.9281278,DA_CDF,D1
12,2018,12,10.559006,DA_CDF,D1
12,2019,1,11.978704,DA_CDF,D1
12,2019,2,14.72937,DA_CDF,D1
12,2019,3,35.75865,DA_CDF,D1
12,2019,4,53.593613,DA_CDF,D1
12,2019,5,76.84117,DA_CDF,D1
12,2019,6,65.039925,DA_CDF,D1
12,2019,7,32.65306,DA_CDF,D1
12,2019,8,27.329191,DA_CDF,D1
12,2019,9,23.86868,DA_CDF,D1
12,2019,10,39.840282,DA_CDF,D1
12,2019,11,13.93079,DA_CDF,D1
12,2019,12,37.710735,DA_CDF,D1
12,2020,1,37.444542,DA_CDF,D1
12,2020,2,33.896797,DA_CDF,D1
12,2020,3,89.440994,DA_CDF,D1
12,2020,4,62.1118,DA_CDF,D1
12,2020,5,32.56433,DA_CDF,D1
12,2020,6,18.012423,DA_CDF,D1
12,2020,7,26.353151,DA_CDF,D1
12,2020,8,18.189884,DA_CDF,D1
12,2020,9,23.247559,DA_CDF,D1
12,2020,10,17.480036,DA_CDF,D1
12,2020,11,15.439219,DA_CDF,D1
12,2020,12,52.61757,DA_CDF,D1
13,2016,1,85.333336,DA_CDF,D1
13,2016,2,73.68421,DA_CDF,D1
13,2016,3,41.025642,DA_CDF,D1
13,2016,4,52.136757,DA_CDF,D1
13,2016,5,43.589745,DA_CDF,D1
13,2016,6,43.589745,DA_CDF,D1
13,2016,7,42.735043,DA_CDF,D1
13,2016,8,43.589745,DA_CDF,D1
13,2016,9,46.153847,DA_CDF,D1
13,2016,10,40.17094,DA_CDF,D1
13,2016,11,37.60684,DA_CDF,D1
13,2016,12,35.897438,DA_CDF,D1
13,2017,1,35.897438,DA_CDF,D1
13,2017,2,33.333336,DA_CDF,D1
13,2017,3,33.333336,DA_CDF,D1
13,2017,4,35.897438,DA_CDF,D1
13,2017,5,39.31624,DA_CDF,D1
13,2017,6,36.752136,DA_CDF,D1
13,2017,7,37.60684,DA_CDF,D1
13,2017,8,37.60684,DA_CDF,D1
13,2017,9,35.042736,DA_CDF,D1
13,2017,10,34.188034,DA_CDF,D1
13,2017,11,49.57265,DA_CDF,D1
13,2017,12,46.153847,DA_CDF,D1
13,2018,1,33.333336,DA_CDF,D1
13,2018,2,34.188034,DA_CDF,D1
13,2018,3,33.333336,DA_CDF,D1
13,2018,4,33.333336,DA_CDF,D1
13,2018,5,33.333336,DA_CDF,D1
13,2018,6,33.333336,DA_CDF,D1
13,2018,7,33.333336,DA_CDF,D1
13,2018,8,33.333336,DA_CDF,D1
13,2018,9,34.188034,DA_CDF,D1
13,2018,10,34.188034,DA_CDF,D1
13,2018,11,34.188034,DA_CDF,D1
13,2018,12,34.188034,DA_CDF,D1
13,2019,1,34.188034,DA_CDF,D1
13,2019,2,42.735043,DA_CDF,D1
13,2019,3,34.188034,DA_CDF,D1
13,2019,4,36.752136,DA_CDF,D1
13,2019,5,40.17094,DA_CDF,D1
13,2019,6,44.444447,DA_CDF,D1
13,2019,7,40.17094,DA_CDF,D1
13,2019,8,40.17094,DA_CDF,D1
13,2019,9,37.60684,DA_CDF,D1
13,2019,10,44.444447,DA_CDF,D1
13,2019,11,39.31624,DA_CDF,D1
13,2019,12,40.17094,DA_CDF,D1
13,2020,1,58.97436,DA_CDF,D1
13,2020,2,53.68421,DA_CDF,D1
13,2020,3,94.0171,DA_CDF,D1
13,2020,4,79.48718,DA_CDF,D1
13,2020,5,79.48718,DA_CDF,D1
13,2020,6,74.35898,DA_CDF,D1
13,2020,7,75.21368,DA_CDF,D1
13,2020,8,72.649574,DA_CDF,D1
13,2020,9,76.92308,DA_CDF,D1
13,2020,10,81.19658,DA_CDF,D1
13,2020,11,73.50427,DA_CDF,D1
13,2020,12,77.77778,DA_CDF,D1
14,2016,1,,DA_CDF,D1
14,2016,2,100.0,DA_CDF,D1
14,2016,3,0.0,DA_CDF,D1
14,2016,4,0.0,DA_CDF,D1
14,2016,5,0.0,DA_CDF,D1
14,2016,6,0.0,DA_CDF,D1
14,2016,7,0.0,DA_CDF,D1
14,2016,8,0.0,DA_CDF,D1
14,2016,9,0.0,DA_CDF,D1
14,2016,10,0.0,DA_CDF,D1
14,2016,11,0.0,DA_CDF,D1
14,2016,12,0.0,DA_CDF,D1
14,2017,1,0.0,DA_CDF,D1
14,2017,2,0.0,DA_CDF,D1
14,2017,3,0.0,DA_CDF,D1
14,2017,4,0.0,DA_CDF,D1
14,2017,5,0.0,DA_CDF,D1
14,2017,6,0.0,DA_CDF,D1
14,2017,7,0.0,DA_CDF,D1
14,2017,8,0.0,DA_CDF,D1
14,2017,9,0.0,DA_CDF,D1
14,2017,10,0.0,DA_CDF,D1
14,2017,11,100.0,DA_CDF,D1
14,2017,12,0.0,DA_CDF,D1
14,2018,1,0.0,DA_CDF,D1
14,2018,2,0.0,DA_CDF,D1
14,2018,3,0.0,DA_CDF,D1
14,2018,4,0.0,DA_CDF,D1
14,2018,5,0.0,DA_CDF,D1
14,2018,6,0.0,DA_CDF,D1
14,2018,7,0.0,DA_CDF,D1
14,2018,8,0.0,DA_CDF,D1
14,2018,9,0.0,DA_CDF,D1
14,2018,10,0.0,DA_CDF,D1
14,2018,11,0.0,DA_CDF,D1
14,2018,12,0.0,DA_CDF,D1
14,2019,1,0.0,DA_CDF,D1
14,2019,2,0.0,DA_CDF,D1
14,2019,3,0.0,DA_CDF,D1
14,2019,4,0.0,DA_CDF,D1
14,2019,5,0.0,DA_CDF,D1
14,2019,6,0.0,DA_CDF,D1
14,2019,7,0.0,DA_CDF,D1
14,2019,8,100.0,DA_CDF,D1
14,2019,9,100.0,DA_CDF,D1
14,2019,10,0.0,DA_CDF,D1
14,2019,11,0.0,DA_CDF,D1
14,2019,12,0.0,DA_CDF,D1
14,2020,1,100.0,DA_CDF,D1
14,2020,2,0.0,DA_CDF,D1
14,2020,3,100.0,DA_CDF,D1
14,2020,4,100.0,DA_CDF,D1
14,2020,5,100.0,DA_CDF,D1
14,2020,6,100.0,DA_CDF,D1
14,2020,7,100.0,DA_CDF,D1
14,2020,8,0.0,DA_CDF,D1
14,2020,9,0.0,DA_CDF,D1
14,2020,10,0.0,DA_CDF,D1
14,2020,11,0.0,DA_CDF,D1
14,2020,12,100.0,DA_CDF,D1
16,2016,1,58.244545,DA_CDF,D1
16,2016,2,34.902023,DA_CDF,D1
16,2016,3,24.131737,DA_CDF,D1
16,2016,4,31.760479,DA_CDF,D1
16,2016,5,26.622755,DA_CDF,D1
16,2016,6,31.125748,DA_CDF,D1
16,2016,7,27.724552,DA_CDF,D1
16,2016,8,27.88024,DA_CDF,D1
16,2016,9,29.72455,DA_CDF,D1
16,2016,10,32.958084,DA_CDF,D1
16,2016,11,26.443115,DA_CDF,D1
16,2016,12,14.898203,DA_CDF,D1
16,2017,1,16.87425,DA_CDF,D1
16,2017,2,14.934132,DA_CDF,D1
16,2017,3,18.083832,DA_CDF,D1
16,2017,4,38.562874,DA_CDF,D1
16,2017,5,37.08982,DA_CDF,D1
16,2017,6,22.191616,DA_CDF,D1
16,2017,7,22.287426,DA_CDF,D1
16,2017,8,20.898203,DA_CDF,D1
16,2017,9,40.91018,DA_CDF,D1
16,2017,10,27.82036,DA_CDF,D1
16,2017,11,46.658684,DA_CDF,D1
16,2017,12,35.772453,DA_CDF,D1
16,2018,1,30.143715,DA_CDF,D1
16,2018,2,34.598804,DA_CDF,D1
16,2018,3,45.185627,DA_CDF,D1
16,2018,4,61.952095,DA_CDF,D1
16,2018,5,47.06587,DA_CDF,D1
16,2018,6,53.221558,DA_CDF,D1
16,2018,7,55.976044,DA_CDF,D1
16,2018,8,44.75449,DA_CDF,D1
16,2018,9,56.63473,DA_CDF,D1
16,2018,10,61.29341,DA_CDF,D1
16,2018,11,55.96407,DA_CDF,D1
16,2018,12,61.91617,DA_CDF,D1
16,2019,1,76.73054,DA_CDF,D1
16,2019,2,85.76048,DA_CDF,D1
16,2019,3,84.503,DA_CDF,D1
16,2019,4,66.80239,DA_CDF,D1
16,2019,5,80.275444,DA_CDF,D1
16,2019,6,78.40719,DA_CDF,D1
16,2019,7,79.64072,DA_CDF,D1
16,2019,8,79.20958,DA_CDF,D1
16,2019,9,79.257484,DA_CDF,D1
16,2019,10,83.58084,DA_CDF,D1
16,2019,11,84.766464,DA_CDF,D1
16,2019,12,85.00599,DA_CDF,D1
16,2020,1,89.041916,DA_CDF,D1
16,2020,2,92.06553,DA_CDF,D1
16,2020,3,87.760475,DA_CDF,D1
16,2020,4,73.24551,DA_CDF,D1
16,2020,5,81.760475,DA_CDF,D1
16,2020,6,83.56886,DA_CDF,D1
16,2020,7,82.75449,DA_CDF,D1
16,2020,8,85.59281,DA_CDF,D1
16,2020,9,87.00599,DA_CDF,D1
16,2020,10,88.766464,DA_CDF,D1
16,2020,11,79.56886,DA_CDF,D1
16,2020,12,83.11377,DA_CDF,D1
1,2016,1,53.333336,DA_CDF,D2
1,2016,2,50.0,DA_CDF,D2
1,2016,3,0.0,DA_CDF,D2
1,2016,4,13.636364,DA_CDF,D2
1,2016,5,13.636364,DA_CDF,D2
1,2016,6,13.636364,DA_CDF,D2
1,2016,7,13.636364,DA_CDF,D2
1,2016,8,22.727274,DA_CDF,D2
1,2016,9,36.363636,DA_CDF,D2
1,2016,10,9.090909,DA_CDF,D2
1,2016,11,0.0,DA_CDF,D2
1,2016,12,0.0,DA_CDF,D2
1,2017,1,0.0,DA_CDF,D2
1,2017,2,0.0,DA_CDF,D2
1,2017,3,0.0,DA_CDF,D2
1,2017,4,0.0,DA_CDF,D2
1,2017,5,22.727274,DA_CDF,D2
1,2017,6,13.636364,DA_CDF,D2
1,2017,7,13.636364,DA_CDF,D2
1,2017,8,9.090909,DA_CDF,D2
1,2017,9,4.5454545,DA_CDF,D2
1,2017,10,4.5454545,DA_CDF,D2
1,2017,11,31.818182,DA_CDF,D2
1,2017,12,13.636364,DA_CDF,D2
1,2018,1,9.090909,DA_CDF,D2
1,2018,2,0.0,DA_CDF,D2
1,2018,3,0.0,DA_CDF,D2
1,2018,4,0.0,DA_CDF,D2
1,2018,5,0.0,DA_CDF,D2
1,2018,6,0.0,DA_CDF,D2
1,2018,7,0.0,DA_CDF,D2
1,2018,8,0.0,DA_CDF,D2
1,2018,9,0.0,DA_CDF,D2
1,2018,10,0.0,DA_CDF,D2
1,2018,11,0.0,DA_CDF,D2
1,2018,12,0.0,DA_CDF,D2
1,2019,1,0.0,DA_CDF,D2
1,2019,2,9.090909,DA_CDF,D2
1,2019,3,0.0,DA_CDF,D2
1,2019,4,4.5454545,DA_CDF,D2
1,2019,5,4.5454545,DA_CDF,D2
1,2019,6,4.5454545,DA_CDF,D2
1,2019,7,0.0,DA_CDF,D2
1,2019,8,0.0,DA_CDF,D2
1,2019,9,0.0,DA_CDF,D2
1,2019,10,4.5454545,DA_CDF,D2
1,2019,11,9.090909,DA_CDF,D2
1,2019,12,9.090909,DA_CDF,D2
1,2020,1,18.181818,DA_CDF,D2
1,2020,2,15.000001,DA_CDF,D2
1,2020,3,68.181816,DA_CDF,D2
1,2020,4,18.181818,DA_CDF,D2
1,2020,5,22.727274,DA_CDF,D2
1,2020,6,13.636364,DA_CDF,D2
1,2020,7,13.636364,DA_CDF,D2
1,2020,8,13.636364,DA_CDF,D2
1,2020,9,13.636364,DA_CDF,D2
1,2020,10,18.181818,DA_CDF,D2
1,2020,11,13.636364,DA_CDF,D2
1,2020,12,27.272728,DA_CDF,D2
2,2016,1,20.0,DA_CDF,D2
2,2016,2,25.0,DA_CDF,D2
2,2016,3,0.0,DA_CDF,D2
2,2016,4,50.0,DA_CDF,D2
2,2016,5,0.0,DA_CDF,D2
2,2016,6,0.0,DA_CDF,D2
2,2016,7,0.0,DA_CDF,D2
2,2016,8,0.0,DA_CDF,D2
2,2016,9,12.5,DA_CDF,D2
2,2016,10,0.0,DA_CDF,D2
2,2016,11,0.0,DA_CDF,D2
2,2016,12,0.0,DA_CDF,D2
2,2017,1,0.0,DA_CDF,D2
2,2017,2,0.0,DA_CDF,D2
2,2017,3,0.0,DA_CDF,D2
2,2017,4,0.0,DA_CDF,D2
2,2017,5,0.0,DA_CDF,D2
2,2017,6,0.0,DA_CDF,D2
2,2017,7,0.0,DA_CDF,D2
2,2017,8,0.0,DA_CDF,D2
2,2017,9,0.0,DA_CDF,D2
2,2017,10,0.0,DA_CDF,D2
2,2017,11,75.0,DA_CDF,D2
2,2017,12,50.0,DA_CDF,D2
2,2018,1,0.0,DA_CDF,D2
2,2018,2,0.0,DA_CDF,D2
2,2018,3,0.0,DA_CDF,D2
2,2018,4,0.0,DA_CDF,D2
2,2018,5,0.0,DA_CDF,D2
2,2018,6,0.0,DA_CDF,D2
2,2018,7,0.0,DA_CDF,D2
2,2018,8,0.0,DA_CDF,D2
2,2018,9,0.0,DA_CDF,D2
2,2018,10,0.0,DA_CDF,D2
2,2018,11,0.0,DA_CDF,D2
2,2018,12,0.0,DA_CDF,D2
2,2019,1,0.0,DA_CDF,D2
2,2019,2,0.0,DA_CDF,D2
2,2019,3,0.0,DA_CDF,D2
2,2019,4,0.0,DA_CDF,D2
2,2019,5,75.0,DA_CDF,D2
2,2019,6,50.0,DA_CDF,D2
2,2019,7,37.5,DA_CDF,D2
2,2019,8,25.0,DA_CDF,D2
2,2019,9,12.5,DA_CDF,D2
2,2019,10,37.5,DA_CDF,D2
2,2019,11,0.0,DA_CDF,D2
2,2019,12,0.0,DA_CDF,D2
2,2020,1,12.5,DA_CDF,D2
2,2020,2,12.5,DA_CDF,D2
2,2020,3,62.5,DA_CDF,D2
2,2020,4,0.0,DA_CDF,D2
2,2020,5,0.0,DA_CDF,D2
2,2020,6,0.0,DA_CDF,D2
2,2020,7,0.0,DA_CDF,D2
2,2020,8,0.0,DA_CDF,D2
2,2020,9,0.0,DA_CDF,D2
2,2020,10,0.0,DA_CDF,D2
2,2020,11,0.0,DA_CDF,D2
2,2020,12,0.0,DA_CDF,D2
3,2016,1,50.0,DA_CDF,D2
3,2016,2,50.0,DA_CDF,D2
3,2016,3,0.0,DA_CDF,D2
3,2016,4,0.0,DA_CDF,D2
3,2016,5,0.0,DA_CDF,D2
3,2016,6,50.0,DA_CDF,D2
3,2016,7,50.0,DA_CDF,D2
3,2016,8,100.0,DA_CDF,D2
3,2016,9,0.0,DA_CDF,D2
3,2016,10,0.0,DA_CDF,D2
3,2016,11,0.0,DA_CDF,D2
3,2016,12,0.0,DA_CDF,D2
3,2017,1,0.0,DA_CDF,D2
3,2017,2,0.0,DA_CDF,D2
3,2017,3,0.0,DA_CDF,D2
3,2017,4,0.0,DA_CDF,D2
3,2017,5,50.0,DA_CDF,D2
3,2017,6,50.0,DA_CDF,D2
3,2017,7,0.0,DA_CDF,D2
3,2017,8,0.0,DA_CDF,D2
3,2017,9,0.0,DA_CDF,D2
3,2017,10,50.0,DA_CDF,D2
3,2017,11,50.0,DA_CDF,D2
3,2017,12,0.0,DA_CDF,D2
3,2018,1,0.0,DA_CDF,D2
3,2018,2,0.0,DA_CDF,D2
3,2018,3,0.0,DA_CDF,D2
3,2018,4,0.0,DA_CDF,D2
3,2018,5,0.0,DA_CDF,D2
3,2018,6,0.0,DA_CDF,D2
3,2018,7,0.0,DA_CDF,D2
3,2018,8,0.0,DA_CDF,D2
3,2018,9,0.0,DA_CDF,D2
3,2018,10,0.0,DA_CDF,D2
3,2018,11,0.0,DA_CDF,D2
3,2018,12,0.0,DA_CDF,D2
3,2019,1,0.0,DA_CDF,D2
3,2019,2,0.0,DA_CDF,D2
3,2019,3,0.0,DA_CDF,D2
3,2019,4,0.0,DA_CDF,D2
3,2019,5,0.0,DA_CDF,D2
3,2019,6,0.0,DA_CDF,D2
3,2019,7,0.0,DA_CDF,D2
3,2019,8,0.0,DA_CDF,D2
3,2019,9,0.0,DA_CDF,D2
3,2019,10,0.0,DA_CDF,D2
3,2019,11,0.0,DA_CDF,D2
3,2019,12,0.0,DA_CDF,D2
3,2020,1,0.0,DA_CDF,D2
3,2020,2,0.0,DA_CDF,D2
3,2020,3,0.0,DA_CDF,D2
3,2020,4,0.0,DA_CDF,D2
3,2020,5,0.0,DA_CDF,D2
3,2020,6,0.0,DA_CDF,D2
3,2020,7,0.0,DA_CDF,D2
3,2020,8,0.0,DA_CDF,D2
3,2020,9,0.0,DA_CDF,D2
3,2020,10,0.0,DA_CDF,D2
3,2020,11,0.0,DA_CDF,D2
3,2020,12,50.0,DA_CDF,D2
5,2016,1,54.545456,DA_CDF,D2
5,2016,2,40.54054,DA_CDF,D2
5,2016,3,8.108108,DA_CDF,D2
5,2016,4,18.918919,DA_CDF,D2
5,2016,5,21.621622,DA_CDF,D2
5,2016,6,21.621622,DA_CDF,D2
5,2016,7,21.621622,DA_CDF,D2
5,2016,8,18.918919,DA_CDF,D2
5,2016,9,18.918919,DA_CDF,D2
5,2016,10,16.216215,DA_CDF,D2
5,2016,11,8.108108,DA_CDF,D2
5,2016,12,0.0,DA_CDF,D2
5,2017,1,8.108108,DA_CDF,D2
5,2017,2,0.0,DA_CDF,D2
5,2017,3,8.108108,DA_CDF,D2
5,2017,4,43.243244,DA_CDF,D2
5,2017,5,45.945946,DA_CDF,D2
5,2017,6,48.64865,DA_CDF,D2
5,2017,7,54.05405,DA_CDF,D2
5,2017,8,40.54054,DA_CDF,D2
5,2017,9,43.243244,DA_CDF,D2
5,2017,10,35.135136,DA_CDF,D2
5,2017,11,70.27027,DA_CDF,D2
5,2017,12,62.162163,DA_CDF,D2
5,2018,1,43.243244,DA_CDF,D2
5,2018,2,35.135136,DA_CDF,D2
5,2018,3,0.0,DA_CDF,D2
5,2018,4,16.216215,DA_CDF,D2
5,2018,5,37.837837,DA_CDF,D2
5,2018,6,40.54054,DA_CDF,D2
5,2018,7,40.54054,DA_CDF,D2
5,2018,8,35.135136,DA_CDF,D2
5,2018,9,24.324326,DA_CDF,D2
5,2018,10,10.810811,DA_CDF,D2
5,2018,11,8.108108,DA_CDF,D2
5,2018,12,27.027025,DA_CDF,D2
5,2019,1,37.837837,DA_CDF,D2
5,2019,2,35.135136,DA_CDF,D2
5,2019,3,62.162163,DA_CDF,D2
5,2019,4,70.27027,DA_CDF,D2
5,2019,5,75.675674,DA_CDF,D2
5,2019,6,75.675674,DA_CDF,D2
5,2019,7,72.97297,DA_CDF,D2
5,2019,8,70.27027,DA_CDF,D2
5,2019,9,56.75676,DA_CDF,D2
5,2019,10,62.162163,DA_CDF,D2
5,2019,11,37.837837,DA_CDF,D2
5,2019,12,37.837837,DA_CDF,D2
5,2020,1,70.27027,DA_CDF,D2
5,2020,2,59.45946,DA_CDF,D2
5,2020,3,83.78378,DA_CDF,D2
5,2020,4,35.135136,DA_CDF,D2
5,2020,5,70.27027,DA_CDF,D2
5,2020,6,59.45946,DA_CDF,D2
5,2020,7,56.75676,DA_CDF,D2
5,2020,8,51.35135,DA_CDF,D2
5,2020,9,35.135136,DA_CDF,D2
5,2020,10,40.54054,DA_CDF,D2
5,2020,11,45.945946,DA_CDF,D2
5,2020,12,70.27027,DA_CDF,D2
6,2016,1,50.0,DA_CDF,D2
6,2016,2,47.058823,DA_CDF,D2
6,2016,3,37.037037,DA_CDF,D2
6,2016,4,48.148148,DA_CDF,D2
6,2016,5,33.333336,DA_CDF,D2
6,2016,6,18.518518,DA_CDF,D2
6,2016,7,7.4074073,DA_CDF,D2
6,2016,8,3.7037036,DA_CDF,D2
6,2016,9,11.111112,DA_CDF,D2
6,2016,10,9.259259,DA_CDF,D2
6,2016,11,3.7037036,DA_CDF,D2
6,2016,12,7.4074073,DA_CDF,D2
6,2017,1,7.4074073,DA_CDF,D2
6,2017,2,1.8518518,DA_CDF,D2
6,2017,3,1.8518518,DA_CDF,D2
6,2017,4,5.555556,DA_CDF,D2
6,2017,5,11.111112,DA_CDF,D2
6,2017,6,12.962963,DA_CDF,D2
6,2017,7,14.814815,DA_CDF,D2
6,2017,8,0.0,DA_CDF,D2
6,2017,9,11.111112,DA_CDF,D2
6,2017,10,18.518518,DA_CDF,D2
6,2017,11,27.777779,DA_CDF,D2
6,2017,12,7.4074073,DA_CDF,D2
6,2018,1,11.111112,DA_CDF,D2
6,2018,2,14.814815,DA_CDF,D2
6,2018,3,5.555556,DA_CDF,D2
6,2018,4,16.666668,DA_CDF,D2
6,2018,5,33.333336,DA_CDF,D2
6,2018,6,27.777779,DA_CDF,D2
6,2018,7,18.518518,DA_CDF,D2
6,2018,8,12.962963,DA_CDF,D2
6,2018,9,7.4074073,DA_CDF,D2
6,2018,10,3.7037036,DA_CDF,D2
6,2018,11,3.7037036,DA_CDF,D2
6,2018,12,25.925926,DA_CDF,D2
6,2019,1,27.777779,DA_CDF,D2
6,2019,2,44.444447,DA_CDF,D2
6,2019,3,33.333336,DA_CDF,D2
6,2019,4,46.296295,DA_CDF,D2
6,2019,5,62.96296,DA_CDF,D2
6,2019,6,57.40741,DA_CDF,D2
6,2019,7,42.592594,DA_CDF,D2
6,2019,8,27.777779,DA_CDF,D2
6,2019,9,18.518518,DA_CDF,D2
6,2019,10,24.074074,DA_CDF,D2
6,2019,11,22.222223,DA_CDF,D2
6,2019,12,25.925926,DA_CDF,D2
6,2020,1,31.48148,DA_CDF,D2
6,2020,2,26.470589,DA_CDF,D2
6,2020,3,50.0,DA_CDF,D2
6,2020,4,40.74074,DA_CDF,D2
6,2020,5,44.444447,DA_CDF,D2
6,2020,6,27.777779,DA_CDF,D2
6,2020,7,12.962963,DA_CDF,D2
6,2020,8,7.4074073,DA_CDF,D2
6,2020,9,7.4074073,DA_CDF,D2
6,2020,10,9.259259,DA_CDF,D2
6,2020,11,7.4074073,DA_CDF,D2
6,2020,12,18.518518,DA_CDF,D2
7,2016,1,73.3871,DA_CDF,D2
7,2016,2,70.46703,DA_CDF,D2
7,2016,3,47.01916,DA_CDF,D2
7,2016,4,47.92406,DA_CDF,D2
7,2016,5,34.758694,DA_CDF,D2
7,2016,6,21.415897,DA_CDF,D2
7,2016,7,11.674947,DA_CDF,D2
7,2016,8,6.4052525,DA_CDF,D2
7,2016,9,9.279631,DA_CDF,D2
7,2016,10,6.937544,DA_CDF,D2
7,2016,11,6.937544,DA_CDF,D2
7,2016,12,4.2760825,DA_CDF,D2
7,2017,1,4.027679,DA_CDF,D2
7,2017,2,1.8275373,DA_CDF,D2
7,2017,3,1.1178141,DA_CDF,D2
7,2017,4,8.658623,DA_CDF,D2
7,2017,5,19.889992,DA_CDF,D2
7,2017,6,18.38183,DA_CDF,D2
7,2017,7,16.731724,DA_CDF,D2
7,2017,8,11.266856,DA_CDF,D2
7,2017,9,19.978708,DA_CDF,D2
7,2017,10,23.491838,DA_CDF,D2
7,2017,11,33.17956,DA_CDF,D2
7,2017,12,23.50958,DA_CDF,D2
7,2018,1,16.980127,DA_CDF,D2
7,2018,2,15.347764,DA_CDF,D2
7,2018,3,10.290986,DA_CDF,D2
7,2018,4,17.388218,DA_CDF,D2
7,2018,5,18.009226,DA_CDF,D2
7,2018,6,14.8687,DA_CDF,D2
7,2018,7,14.567068,DA_CDF,D2
7,2018,8,13.981546,DA_CDF,D2
7,2018,9,13.431512,DA_CDF,D2
7,2018,10,11.479773,DA_CDF,D2
7,2018,11,6.8488293,DA_CDF,D2
7,2018,12,20.546488,DA_CDF,D2
7,2019,1,22.853086,DA_CDF,D2
7,2019,2,27.288857,DA_CDF,D2
7,2019,3,39.921932,DA_CDF,D2
7,2019,4,45.528744,DA_CDF,D2
7,2019,5,54.276085,DA_CDF,D2
7,2019,6,41.518806,DA_CDF,D2
7,2019,7,26.242014,DA_CDF,D2
7,2019,8,20.298082,DA_CDF,D2
7,2019,9,19.481901,DA_CDF,D2
7,2019,10,21.557842,DA_CDF,D2
7,2019,11,10.273244,DA_CDF,D2
7,2019,12,25.390348,DA_CDF,D2
7,2020,1,24.325762,DA_CDF,D2
7,2020,2,29.336735,DA_CDF,D2
7,2020,3,43.186657,DA_CDF,D2
7,2020,4,36.124912,DA_CDF,D2
7,2020,5,30.784243,DA_CDF,D2
7,2020,6,18.772179,DA_CDF,D2
7,2020,7,12.136267,DA_CDF,D2
7,2020,8,8.977999,DA_CDF,D2
7,2020,9,11.7814045,DA_CDF,D2
7,2020,10,13.626686,DA_CDF,D2
7,2020,11,12.757275,DA_CDF,D2
7,2020,12,24.290277,DA_CDF,D2
8,2016,1,47.887325,DA_CDF,D2
8,2016,2,38.202248,DA_CDF,D2
8,2016,3,17.977528,DA_CDF,D2
8,2016,4,28.089888,DA_CDF,D2
8,2016,5,23.595507,DA_CDF,D2
8,2016,6,20.224718,DA_CDF,D2
8,2016,7,16.853933,DA_CDF,D2
8,2016,8,17.977528,DA_CDF,D2
8,2016,9,20.224718,DA_CDF,D2
8,2016,10,8.988764,DA_CDF,D2
8,2016,11,4.494382,DA_CDF,D2
8,2016,12,3.3707864,DA_CDF,D2
8,2017,1,3.3707864,DA_CDF,D2
8,2017,2,1.1235955,DA_CDF,D2
8,2017,3,6.741573,DA_CDF,D2
8,2017,4,46.067417,DA_CDF,D2
8,2017,5,48.314606,DA_CDF,D2
8,2017,6,51.685394,DA_CDF,D2
8,2017,7,49.4382,DA_CDF,D2
8,2017,8,38.202248,DA_CDF,D2
8,2017,9,47.191013,DA_CDF,D2
8,2017,10,40.449436,DA_CDF,D2
8,2017,11,73.03371,DA_CDF,D2
8,2017,12,68.53933,DA_CDF,D2
8,2018,1,23.595507,DA_CDF,D2
8,2018,2,29.213482,DA_CDF,D2
8,2018,3,7.865169,DA_CDF,D2
8,2018,4,19.101124,DA_CDF,D2
8,2018,5,28.089888,DA_CDF,D2
8,2018,6,24.7191,DA_CDF,D2
8,2018,7,24.7191,DA_CDF,D2
8,2018,8,19.101124,DA_CDF,D2
8,2018,9,16.853933,DA_CDF,D2
8,2018,10,16.853933,DA_CDF,D2
8,2018,11,3.3707864,DA_CDF,D2
8,2018,12,28.089888,DA_CDF,D2
8,2019,1,29.213482,DA_CDF,D2
8,2019,2,30.337078,DA_CDF,D2
8,2019,3,61.79775,DA_CDF,D2
8,2019,4,65.16854,DA_CDF,D2
8,2019,5,76.404495,DA_CDF,D2
8,2019,6,71.91011,DA_CDF,D2
8,2019,7,47.191013,DA_CDF,D2
8,2019,8,42.69663,DA_CDF,D2
8,2019,9,39.325844,DA_CDF,D2
8,2019,10,43.820225,DA_CDF,D2
8,2019,11,13.483146,DA_CDF,D2
8,2019,12,26.966291,DA_CDF,D2
8,2020,1,34.831463,DA_CDF,D2
8,2020,2,41.573032,DA_CDF,D2
8,2020,3,83.146065,DA_CDF,D2
8,2020,4,40.449436,DA_CDF,D2
8,2020,5,42.69663,DA_CDF,D2
8,2020,6,32.58427,DA_CDF,D2
8,2020,7,29.213482,DA_CDF,D2
8,2020,8,21.348314,DA_CDF,D2
8,2020,9,19.101124,DA_CDF,D2
8,2020,10,14.606741,DA_CDF,D2
8,2020,11,25.842697,DA_CDF,D2
8,2020,12,42.69663,DA_CDF,D2
9,2016,1,46.153847,DA_CDF,D2
9,2016,2,38.46154,DA_CDF,D2
9,2016,3,30.769232,DA_CDF,D2
9,2016,4,23.076923,DA_CDF,D2
9,2016,5,15.384616,DA_CDF,D2
9,2016,6,0.0,DA_CDF,D2
9,2016,7,0.0,DA_CDF,D2
9,2016,8,0.0,DA_CDF,D2
9,2016,9,0.0,DA_CDF,D2
9,2016,10,0.0,DA_CDF,D2
9,2016,11,0.0,DA_CDF,D2
9,2016,12,0.0,DA_CDF,D2
9,2017,1,0.0,DA_CDF,D2
9,2017,2,0.0,DA_CDF,D2
9,2017,3,0.0,DA_CDF,D2
9,2017,4,0.0,DA_CDF,D2
9,2017,5,0.0,DA_CDF,D2
9,2017,6,0.0,DA_CDF,D2
9,2017,7,0.0,DA_CDF,D2
9,2017,8,0.0,DA_CDF,D2
9,2017,9,7.692308,DA_CDF,D2
9,2017,10,7.692308,DA_CDF,D2
9,2017,11,46.153847,DA_CDF,D2
9,2017,12,46.153847,DA_CDF,D2
9,2018,1,0.0,DA_CDF,D2
9,2018,2,0.0,DA_CDF,D2
9,2018,3,0.0,DA_CDF,D2
9,2018,4,0.0,DA_CDF,D2
9,2018,5,0.0,DA_CDF,D2
9,2018,6,0.0,DA_CDF,D2
9,2018,7,0.0,DA_CDF,D2
9,2018,8,0.0,DA_CDF,D2
9,2018,9,0.0,DA_CDF,D2
9,2018,10,0.0,DA_CDF,D2
9,2018,11,0.0,DA_CDF,D2
9,2018,12,7.692308,DA_CDF,D2
9,2019,1,7.692308,DA_CDF,D2
9,2019,2,7.692308,DA_CDF,D2
9,2019,3,7.692308,DA_CDF,D2
9,2019,4,7.692308,DA_CDF,D2
9,2019,5,61.538464,DA_CDF,D2
9,2019,6,46.153847,DA_CDF,D2
9,2019,7,38.46154,DA_CDF,D2
9,2019,8,7.692308,DA_CDF,D2
9,2019,9,7.692308,DA_CDF,D2
9,2019,10,15.384616,DA_CDF,D2
9,2019,11,0.0,DA_CDF,D2
9,2019,12,7.692308,DA_CDF,D2
9,2020,1,0.0,DA_CDF,D2
9,2020,2,0.0,DA_CDF,D2
9,2020,3,30.769232,DA_CDF,D2
9,2020,4,53.846157,DA_CDF,D2
9,2020,5,7.692308,DA_CDF,D2
9,2020,6,0.0,DA_CDF,D2
9,2020,7,7.692308,DA_CDF,D2
9,2020,8,0.0,DA_CDF,D2
9,2020,9,0.0,DA_CDF,D2
9,2020,10,0.0,DA_CDF,D2
9,2020,11,0.0,DA_CDF,D2
9,2020,12,7.692308,DA_CDF,D2
10,2016,1,72.57618,DA_CDF,D2
10,2016,2,68.04124,DA_CDF,D2
10,2016,3,47.38676,DA_CDF,D2
10,2016,4,51.219513,DA_CDF,D2
10,2016,5,43.205574,DA_CDF,D2
10,2016,6,32.92683,DA_CDF,D2
10,2016,7,17.247387,DA_CDF,D2
10,2016,8,6.445993,DA_CDF,D2
10,2016,9,15.331011,DA_CDF,D2
10,2016,10,11.498258,DA_CDF,D2
10,2016,11,9.059234,DA_CDF,D2
10,2016,12,3.8327527,DA_CDF,D2
10,2017,1,4.529617,DA_CDF,D2
10,2017,2,3.4843206,DA_CDF,D2
10,2017,3,1.0452962,DA_CDF,D2
10,2017,4,9.930313,DA_CDF,D2
10,2017,5,17.073172,DA_CDF,D2
10,2017,6,14.808363,DA_CDF,D2
10,2017,7,10.278746,DA_CDF,D2
10,2017,8,6.097561,DA_CDF,D2
10,2017,9,18.466898,DA_CDF,D2
10,2017,10,24.56446,DA_CDF,D2
10,2017,11,43.205574,DA_CDF,D2
10,2017,12,28.91986,DA_CDF,D2
10,2018,1,18.466898,DA_CDF,D2
10,2018,2,17.59582,DA_CDF,D2
10,2018,3,4.7038326,DA_CDF,D2
10,2018,4,18.81533,DA_CDF,D2
10,2018,5,17.421604,DA_CDF,D2
10,2018,6,16.898956,DA_CDF,D2
10,2018,7,12.891986,DA_CDF,D2
10,2018,8,11.498258,DA_CDF,D2
10,2018,9,13.2404175,DA_CDF,D2
10,2018,10,13.58885,DA_CDF,D2
10,2018,11,5.574913,DA_CDF,D2
10,2018,12,16.550524,DA_CDF,D2
10,2019,1,20.034843,DA_CDF,D2
10,2019,2,28.745646,DA_CDF,D2
10,2019,3,37.97909,DA_CDF,D2
10,2019,4,49.12892,DA_CDF,D2
10,2019,5,59.7561,DA_CDF,D2
10,2019,6,62.19512,DA_CDF,D2
10,2019,7,47.90941,DA_CDF,D2
10,2019,8,32.752613,DA_CDF,D2
10,2019,9,31.707317,DA_CDF,D2
10,2019,10,36.062717,DA_CDF,D2
10,2019,11,18.118467,DA_CDF,D2
10,2019,12,31.707317,DA_CDF,D2
10,2020,1,31.18467,DA_CDF,D2
10,2020,2,29.690722,DA_CDF,D2
10,2020,3,57.665504,DA_CDF,D2
10,2020,4,51.567944,DA_CDF,D2
10,2020,5,57.49129,DA_CDF,D2
10,2020,6,43.031357,DA_CDF,D2
10,2020,7,31.18467,DA_CDF,D2
10,2020,8,18.81533,DA_CDF,D2
10,2020,9,23.69338,DA_CDF,D2
10,2020,10,24.56446,DA_CDF,D2
10,2020,11,12.020906,DA_CDF,D2
10,2020,12,26.30662,DA_CDF,D2
12,2016,1,65.99099,DA_CDF,D2
12,2016,2,65.03559,DA_CDF,D2
12,2016,3,19.698315,DA_CDF,D2
12,2016,4,15.52795,DA_CDF,D2
12,2016,5,5.7675242,DA_CDF,D2
12,2016,6,5.8562555,DA_CDF,D2
12,2016,7,5.2351375,DA_CDF,D2
12,2016,8,4.6140194,DA_CDF,D2
12,2016,9,6.2999115,DA_CDF,D2
12,2016,10,3.0168588,DA_CDF,D2
12,2016,11,0.79858035,DA_CDF,D2
12,2016,12,2.1295476,DA_CDF,D2
12,2017,1,2.9281278,DA_CDF,D2
12,2017,2,2.1295476,DA_CDF,D2
12,2017,3,1.5971607,DA_CDF,D2
12,2017,4,17.391304,DA_CDF,D2
12,2017,5,23.247559,DA_CDF,D2
12,2017,6,27.772846,DA_CDF,D2
12,2017,7,23.425022,DA_CDF,D2
12,2017,8,5.944987,DA_CDF,D2
12,2017,9,14.640638,DA_CDF,D2
12,2017,10,26.353151,DA_CDF,D2
12,2017,11,46.761314,DA_CDF,D2
12,2017,12,26.441881,DA_CDF,D2
12,2018,1,10.470275,DA_CDF,D2
12,2018,2,10.02662,DA_CDF,D2
12,2018,3,3.1943214,DA_CDF,D2
12,2018,4,7.7196097,DA_CDF,D2
12,2018,5,11.268856,DA_CDF,D2
12,2018,6,11.801242,DA_CDF,D2
12,2018,7,19.787045,DA_CDF,D2
12,2018,8,36.55723,DA_CDF,D2
12,2018,9,27.772846,DA_CDF,D2
12,2018,10,8.251996,DA_CDF,D2
12,2018,11,1.9520853,DA_CDF,D2
12,2018,12,10.115351,DA_CDF,D2
12,2019,1,11.180124,DA_CDF,D2
12,2019,2,12.866015,DA_CDF,D2
12,2019,3,29.37001,DA_CDF,D2
12,2019,4,44.720497,DA_CDF,D2
12,2019,5,55.456966,DA_CDF,D2
12,2019,6,39.39663,DA_CDF,D2
12,2019,7,21.295475,DA_CDF,D2
12,2019,8,14.019521,DA_CDF,D2
12,2019,9,14.108253,DA_CDF,D2
12,2019,10,24.93345,DA_CDF,D2
12,2019,11,7.0097604,DA_CDF,D2
12,2019,12,25.909496,DA_CDF,D2
12,2020,1,26.974266,DA_CDF,D2
12,2020,2,24.199287,DA_CDF,D2
12,2020,3,58.473824,DA_CDF,D2
12,2020,4,41.348713,DA_CDF,D2
12,2020,5,26.26442,DA_CDF,D2
12,2020,6,14.72937,DA_CDF,D2
12,2020,7,18.101152,DA_CDF,D2
12,2020,8,13.575866,DA_CDF,D2
12,2020,9,17.480036,DA_CDF,D2
12,2020,10,12.777286,DA_CDF,D2
12,2020,11,8.961846,DA_CDF,D2
12,2020,12,38.68678,DA_CDF,D2
13,2016,1,46.666668,DA_CDF,D2
13,2016,2,44.210526,DA_CDF,D2
13,2016,3,35.897438,DA_CDF,D2
13,2016,4,42.735043,DA_CDF,D2
13,2016,5,40.17094,DA_CDF,D2
13,2016,6,39.31624,DA_CDF,D2
13,2016,7,38.46154,DA_CDF,D2
13,2016,8,39.31624,DA_CDF,D2
13,2016,9,37.60684,DA_CDF,D2
13,2016,10,37.60684,DA_CDF,D2
13,2016,11,36.752136,DA_CDF,D2
13,2016,12,35.042736,DA_CDF,D2
13,2017,1,35.042736,DA_CDF,D2
13,2017,2,32.478634,DA_CDF,D2
13,2017,3,31.623932,DA_CDF,D2
13,2017,4,33.333336,DA_CDF,D2
13,2017,5,35.897438,DA_CDF,D2
13,2017,6,35.897438,DA_CDF,D2
13,2017,7,35.042736,DA_CDF,D2
13,2017,8,35.042736,DA_CDF,D2
13,2017,9,35.042736,DA_CDF,D2
13,2017,10,33.333336,DA_CDF,D2
13,2017,11,40.17094,DA_CDF,D2
13,2017,12,41.025642,DA_CDF,D2
13,2018,1,30.769232,DA_CDF,D2
13,2018,2,34.188034,DA_CDF,D2
13,2018,3,31.623932,DA_CDF,D2
13,2018,4,33.333336,DA_CDF,D2
13,2018,5,33.333336,DA_CDF,D2
13,2018,6,33.333336,DA_CDF,D2
13,2018,7,33.333336,DA_CDF,D2
13,2018,8,33.333336,DA_CDF,D2
13,2018,9,34.188034,DA_CDF,D2
13,2018,10,34.188034,DA_CDF,D2
13,2018,11,34.188034,DA_CDF,D2
13,2018,12,34.188034,DA_CDF,D2
13,2019,1,33.333336,DA_CDF,D2
13,2019,2,37.60684,DA_CDF,D2
13,2019,3,34.188034,DA_CDF,D2
13,2019,4,35.042736,DA_CDF,D2
13,2019,5,36.752136,DA_CDF,D2
13,2019,6,40.17094,DA_CDF,D2
13,2019,7,36.752136,DA_CDF,D2
13,2019,8,35.897438,DA_CDF,D2
13,2019,9,35.042736,DA_CDF,D2
13,2019,10,35.042736,DA_CDF,D2
13,2019,11,35.897438,DA_CDF,D2
13,2019,12,36.752136,DA_CDF,D2
13,2020,1,47.863247,DA_CDF,D2
13,2020,2,43.157894,DA_CDF,D2
13,2020,3,64.95727,DA_CDF,D2
13,2020,4,54.70086,DA_CDF,D2
13,2020,5,54.70086,DA_CDF,D2
13,2020,6,50.427353,DA_CDF,D2
13,2020,7,49.57265,DA_CDF,D2
13,2020,8,49.57265,DA_CDF,D2
13,2020,9,52.136757,DA_CDF,D2
13,2020,10,52.136757,DA_CDF,D2
13,2020,11,48.71795,DA_CDF,D2
13,2020,12,52.991455,DA_CDF,D2
14,2016,1,,DA_CDF,D2
14,2016,2,0.0,DA_CDF,D2
14,2016,3,0.0,DA_CDF,D2
14,2016,4,0.0,DA_CDF,D2
14,2016,5,0.0,DA_CDF,D2
14,2016,6,0.0,DA_CDF,D2
14,2016,7,0.0,DA_CDF,D2
14,2016,8,0.0,DA_CDF,D2
14,2016,9,0.0,DA_CDF,D2
14,2016,10,0.0,DA_CDF,D2
14,2016,11,0.0,DA_CDF,D2
14,2016,12,0.0,DA_CDF,D2
14,2017,1,0.0,DA_CDF,D2
14,2017,2,0.0,DA_CDF,D2
14,2017,3,0.0,DA_CDF,D2
14,2017,4,0.0,DA_CDF,D2
14,2017,5,0.0,DA_CDF,D2
14,2017,6,0.0,DA_CDF,D2
14,2017,7,0.0,DA_CDF,D2
14,2017,8,0.0,DA_CDF,D2
14,2017,9,0.0,DA_CDF,D2
14,2017,10,0.0,DA_CDF,D2
14,2017,11,0.0,DA_CDF,D2
14,2017,12,0.0,DA_CDF,D2
14,2018,1,0.0,DA_CDF,D2
14,2018,2,0.0,DA_CDF,D2
14,2018,3,0.0,DA_CDF,D2
14,2018,4,0.0,DA_CDF,D2
14,2018,5,0.0,DA_CDF,D2
14,2018,6,0.0,DA_CDF,D2
14,2018,7,0.0,DA_CDF,D2
14,2018,8,0.0,DA_CDF,D2
14,2018,9,0.0,DA_CDF,D2
14,2018,10,0.0,DA_CDF,D2
14,2018,11,0.0,DA_CDF,D2
14,2018,12,0.0,DA_CDF,D2
14,2019,1,0.0,DA_CDF,D2
14,2019,2,0.0,DA_CDF,D2
14,2019,3,0.0,DA_CDF,D2
14,2019,4,0.0,DA_CDF,D2
14,2019,5,0.0,DA_CDF,D2
14,2019,6,0.0,DA_CDF,D2
14,2019,7,0.0,DA_CDF,D2
14,2019,8,0.0,DA_CDF,D2
14,2019,9,0.0,DA_CDF,D2
14,2019,10,0.0,DA_CDF,D2
14,2019,11,0.0,DA_CDF,D2
14,2019,12,0.0,DA_CDF,D2
14,2020,1,0.0,DA_CDF,D2
14,2020,2,0.0,DA_CDF,D2
14,2020,3,100.0,DA_CDF,D2
14,2020,4,100.0,DA_CDF,D2
14,2020,5,100.0,DA_CDF,D2
14,2020,6,100.0,DA_CDF,D2
14,2020,7,100.0,DA_CDF,D2
14,2020,8,0.0,DA_CDF,D2
14,2020,9,0.0,DA_CDF,D2
14,2020,10,0.0,DA_CDF,D2
14,2020,11,0.0,DA_CDF,D2
14,2020,12,0.0,DA_CDF,D2
16,2016,1,50.913246,DA_CDF,D2
16,2016,2,28.862835,DA_CDF,D2
16,2016,3,19.461077,DA_CDF,D2
16,2016,4,25.005987,DA_CDF,D2
16,2016,5,22.586826,DA_CDF,D2
16,2016,6,26.167664,DA_CDF,D2
16,2016,7,23.449102,DA_CDF,D2
16,2016,8,23.437126,DA_CDF,D2
16,2016,9,23.568863,DA_CDF,D2
16,2016,10,27.137724,DA_CDF,D2
16,2016,11,22.203592,DA_CDF,D2
16,2016,12,12.670658,DA_CDF,D2
16,2017,1,15.161676,DA_CDF,D2
16,2017,2,13.341318,DA_CDF,D2
16,2017,3,15.197605,DA_CDF,D2
16,2017,4,30.023952,DA_CDF,D2
16,2017,5,29.820358,DA_CDF,D2
16,2017,6,18.2994,DA_CDF,D2
16,2017,7,18.622755,DA_CDF,D2
16,2017,8,17.257484,DA_CDF,D2
16,2017,9,30.467066,DA_CDF,D2
16,2017,10,23.413174,DA_CDF,D2
16,2017,11,36.802395,DA_CDF,D2
16,2017,12,29.916168,DA_CDF,D2
16,2018,1,25.413174,DA_CDF,D2
16,2018,2,31.137726,DA_CDF,D2
16,2018,3,40.874252,DA_CDF,D2
16,2018,4,53.68862,DA_CDF,D2
16,2018,5,42.14371,DA_CDF,D2
16,2018,6,47.077843,DA_CDF,D2
16,2018,7,49.724552,DA_CDF,D2
16,2018,8,39.72455,DA_CDF,D2
16,2018,9,50.5988,DA_CDF,D2
16,2018,10,58.107788,DA_CDF,D2
16,2018,11,51.520954,DA_CDF,D2
16,2018,12,57.4012,DA_CDF,D2
16,2019,1,71.85629,DA_CDF,D2
16,2019,2,80.32335,DA_CDF,D2
16,2019,3,78.82635,DA_CDF,D2
16,2019,4,62.011974,DA_CDF,D2
16,2019,5,75.32934,DA_CDF,D2
16,2019,6,73.437126,DA_CDF,D2
16,2019,7,75.01797,DA_CDF,D2
16,2019,8,74.5988,DA_CDF,D2
16,2019,9,73.41318,DA_CDF,D2
16,2019,10,78.58683,DA_CDF,D2
16,2019,11,77.54491,DA_CDF,D2
16,2019,12,78.41916,DA_CDF,D2
16,2020,1,83.77245,DA_CDF,D2
16,2020,2,87.680695,DA_CDF,D2
16,2020,3,82.79041,DA_CDF,D2
16,2020,4,68.41917,DA_CDF,D2
16,2020,5,77.07784,DA_CDF,D2
16,2020,6,78.69461,DA_CDF,D2
16,2020,7,78.22755,DA_CDF,D2
16,2020,8,81.07784,DA_CDF,D2
16,2020,9,81.7006,DA_CDF,D2
16,2020,10,83.724556,DA_CDF,D2
16,2020,11,72.27545,DA_CDF,D2
16,2020,12,75.28143,DA_CDF,D2
